,GalaxyName,RA_hr,RA_min,RA_sec,Dec_hr,Dec_arcmin,Dec_arcsec,EB-V,m-M,m-M_err_pos,m-M_err_neg,vh(km/s),Vmag,Vmag_err_pos,Vmag_err_neg,PA,e=1-b/a,muVo,rh('),rh_err_pos,rh_err_neg,vsig_s,vsig_err_pos,vsig_err_neg,vrot_s,vrot_s_err_pos,vrot_s_err_neg,MHI,Data,Key,vsig_g,vsig_g_err_pos,vsig_g_err_neg,vrot_g,note,M-m,Notes,ra,dec,dist_pc,dist_kpc,dist_mpc,MHI_computed,MHI_source,MHI_type,1sigma,rh_subtable,MHI_method,npix,GUU,GRU,HUU,GNV,HNV,LIT,HRU
0,#TheGalaxy,17.0,45.0,40.0,-29.0,0.0,28.0,9.999,99.99,9.99,9.99,999.9,99.9,9.9,9.9,999.9,9.99,99.9,99.99,9.99,9.99,99.9,99.9,99.9,99.9,99.9,99.9,99.9,x,u,99.9,99.9,99.9,999.9,,,,,,9.954054173515214e+20,9.954054173515214e+17,995405417351521.4,,,,,,,,,,,,,,
1,#*CanisMajor,7.0,12.0,35.0,-27.0,40.0,0.0,0.264,14.29,0.3,0.3,87.0,-0.1,0.8,0.8,123.0,9.99,24.0,99.99,9.99,9.99,20.0,3.0,3.0,99.9,99.9,99.9,99.9,x,u,99.9,99.9,99.9,999.9,,,,,,7211.07479182899,7.21107479182899,0.00721107479182899,,,,,,,,,,,,,,
2,SagittariusdSph,18.0,55.0,19.5,-30.0,32.0,43.0,0.153,17.1,0.15,0.15,140.0,3.6,0.3,0.3,102.0,0.64,25.2,342.0,12.0,12.0,11.4,0.7,0.7,0.0,0.0,0.0,0.0,x,u,0.0,0.0,0.0,0.0,,17.1,"(I don’t understand where the limit in GP or Mateo is from, Spekkens has <7880 from GASS, K94 has <10000) SKIP THERE ARE DEEPER LIMITS FOR THE CORE ",,,26302.679918953843,26.302679918953842,0.026302679918953843,,,,,,,,,,,,,,
3,TucanaIII,23.0,56.0,36.0,-59.0,36.0,0.0,9.999,17.01,0.16,0.16,-102.0,14.6,0.4,0.4,999.9,9.99,99.9,6.0,0.8,0.6,0.1,99.9,99.9,99.9,99.9,99.9,99.9,x,u,99.9,99.9,99.9,999.9,,17.01,"- Simon et al. 2017 V_hel = -102 km/s, velocity dispersion of 0.1 km/s, D=25 kpc",,,25234.807724805756,25.234807724805755,0.025234807724805755,91.89114490090122,hi4pi,upper_limit,0.0203817,6.0,hi4pi_unresolved_undetected,,,,91.89114490090122,,,,
4,DracoII,15.0,52.0,47.6,64.0,33.0,55.0,0.016,16.9,0.3,0.3,-347.0,14.0,0.8,0.8,70.0,0.24,99.9,2.7,1.0,0.8,2.9,99.9,99.9,99.9,99.9,99.9,99.9,x,u,99.9,99.9,99.9,999.9,,16.9,"- Martin et al. 2016 V_hel -347 km/s, dispersion of 2.9 km/s, (9 stars)",,,23988.329190194898,23.988329190194897,0.023988329190194897,70.60196425864088,hi4pi,upper_limit,0.017329400000000002,2.7,hi4pi_unresolved_undetected,,,,70.60196425864088,,,,
5,Segue(I),10.0,7.0,4.0,16.0,4.0,55.0,0.031,16.8,0.2,0.2,208.5,15.3,0.8,0.8,85.0,0.48,27.6,4.4,1.2,0.6,3.9,0.8,0.8,0.0,0.0,0.0,1.67,gs,u,0.0,0.0,0.0,0.0,,16.8,"148+18s.mir stdev (0.04K/9.1K/Jy)*5 = 0.02 Jy limit  (from standard sqrt(.74/9.6) would have expected something more like 0.02K, it looks like the scan artifacts have probably caused this, emphasizes importance of checking each.  yes the baseline is really nasty, but it also looks like a 0.2K would stick out easily)  Spekkens quotes 5.5 mJy (5 sigma) so hers is much deeper, all of them look like they would be much deeper…. in theory should reach the alfalfa level of 2 mJy (1 sigma) in some regions of DR1.   Ah but she is using 15 km/s smooth (and width).  I get a segue mass limit of 25 with 0.02*10*.236*23^2 so factor of 10 on GP.   Probably stick with my method and just footnote Spekkens limit in table or text  I DON’T KNOW I THINK WHEN DEEPER WITH HER PAPER JUST ADOPT THAT",,,22908.676527677748,22.90867652767775,0.022908676527677748,46.65675611252086,galfa,upper_limit,0.017123,,galfa_resolved_undetected,,,46.65675611252086,,,,,
6,Reticulum2,3.0,35.0,42.1,-54.0,2.0,57.0,9.999,17.4,0.2,0.2,64.0,14.7,0.1,0.1,71.0,0.59,99.9,3.64,0.21,0.12,3.4,99.9,99.9,99.9,99.9,99.9,99.9,x,u,99.9,99.9,99.9,999.9,,17.4,"- Walker et al., Koposov et al. (2015), V_hel=64 km/s, dispersion 3.2-3.6 km/s, D=30 kpc",,,30199.51720402013,30.19951720402013,0.03019951720402013,132.74892698458365,hi4pi,upper_limit,0.0205588,3.64,hi4pi_unresolved_undetected,,,,132.74892698458365,,,,
7,CetusII,1.0,17.0,52.8,-17.0,25.0,12.0,9.999,17.38,0.19,0.19,999.9,17.4,0.7,0.7,999.9,9.99,99.9,1.9,1.0,0.5,99.9,99.9,99.9,99.9,99.9,99.9,99.9,x,u,99.9,99.9,99.9,999.9,,17.38,NEW not seeing velocity ref for this one,,,29922.64636608189,29.922646366081892,0.02992264636608189,126.78365080182249,hi4pi,upper_limit,0.02,1.9,hi4pi_no_velocity,,,,,,126.78365080182249,,
8,TriangulumII,2.0,13.0,17.4,36.0,10.0,42.0,0.081,17.4,0.1,0.1,-384.0,15.6,0.5,0.5,56.0,0.21,99.9,3.9,1.1,0.9,99.9,99.9,99.9,99.9,99.9,99.9,2.2,gs,u,99.9,99.9,99.9,999.9,,17.4,"36+34s.mir  Martin et al. v_hel = -384 km/s, disp controversial?  DOUBLE CHECK LIMIT from -650 to 650 km/s looks like GIZ is -80 to 30 km/s, not seeing anything in spectrum, stdev is pretty uniform 0.11K  (is the noise higher here because of the declination and stray, see what others have) (nice little group at 550-600 km/s)  (0.11K/9.1K/Jy) *5 = 0.06 Jy",,,30199.51720402013,30.19951720402013,0.03019951720402013,157.96494687194073,galfa,upper_limit,0.03336,,galfa_resolved_undetected,,,157.96494687194073,,,,,
9,UrsaMajorII,8.0,51.0,30.0,63.0,7.0,48.0,0.094,17.5,0.3,0.3,-116.5,13.3,0.5,0.5,98.0,0.63,27.9,16.0,1.0,1.0,6.7,1.4,1.4,0.0,0.0,0.0,0.0,x,u,0.0,0.0,0.0,0.0,,17.5,"130.0  60.0 CAR CAR_H07.fits stdev 0.02K, if back out is correct * 0.6 Jy/K = 0.012 Jy * 5 = 0.06 Jy for mass 0.06*10*.236*32^2 = 145 Msun  E 130.0 60.0 CAR CAR_D07.fit 0.05K  imstat gives a similar rms, back out gibes 0.05 K * 0.26 Jy/K = 0.013 Jy",,,31622.776601683792,31.622776601683793,0.03162277660168379,93.57211199999998,hi4pi,upper_limit,0.33041,6.0,hi4pi_resolved_undetected,25.0,,,,,,,93.57211199999998
10,BootesII,13.0,58.0,0.0,12.0,51.0,0.0,0.031,18.1,0.06,0.06,-117.0,15.4,0.9,0.9,145.0,0.21,28.1,4.2,1.4,1.4,10.5,7.4,7.4,99.9,99.9,99.9,2.26,gs,u,0.0,0.0,0.0,0.0,,18.1,212+10s.mir stdev 0.08K (rounded up),,,41686.938347033545,41.686938347033546,0.04168693834703355,182.12243050936553,galfa,upper_limit,0.020184999999999998,,galfa_resolved_undetected,,,182.12243050936553,,,,,
11,SegueII,2.0,19.0,16.0,20.0,10.0,31.0,0.185,17.7,0.1,0.1,-39.2,15.2,0.3,0.3,182.0,0.15,27.4,3.4,0.2,0.2,3.4,2.5,1.2,99.9,99.9,99.9,2.09,gs,u,99.9,99.9,99.9,999.9,,17.7,"36+18s.mir stdev 0.07K, could get lower with a USM here, get 0.18K in unsmoothed so I think would have expected 0.05K with factor above",,,34673.685045253165,34.673685045253166,0.034673685045253165,121.80320845868428,galfa,upper_limit,0.019513,,galfa_resolved_undetected,,,121.80320845868428,,,,,
12,Willman1,10.0,49.0,21.0,51.0,3.0,0.0,0.013999999999999999,17.9,0.4,0.4,-12.3,15.2,0.7,0.7,77.0,0.47,26.1,2.3,0.4,0.4,4.3,2.3,1.3,99.9,99.9,99.9,0.0,x,u,0.0,0.0,0.0,0.0,,17.9,,,,38018.939632056085,38.01893963205608,0.03801893963205608,198.28331740886063,hi4pi,upper_limit,0.0193755,2.3,hi4pi_unresolved_undetected,,,,198.28331740886063,,,,
13,ComaBerenices,12.0,26.0,59.0,23.0,54.0,15.0,0.017,18.2,0.2,0.2,98.1,14.1,0.5,0.5,115.0,0.38,27.3,6.0,0.6,0.6,4.6,0.8,0.8,0.0,0.0,0.0,2.06,gs,u,0.0,0.0,0.0,0.0,,18.2,"188+26s.mir stdev 0.04K so same limit of 0.02 Jy (towards edge, but looks clear, same with baseline but 0.2K source would be booming) 0.02*10*.236*44^2 = 100 Msun",,,43651.58322401656,43.65158322401656,0.04365158322401656,113.89985952476903,galfa,upper_limit,0.0125446,6.0,galfa_resolved_undetected,,,113.89985952476903,169.23495705973693,,,,
14,TucanaIV,0.0,2.0,55.2,-60.0,51.0,0.0,9.999,18.41,0.19,0.19,999.9,14.9,0.3,0.3,11.0,0.4,99.9,9.1,1.7,1.4,99.9,99.9,99.9,99.9,99.9,99.9,99.9,x,u,99.9,99.9,99.9,999.9,,18.41,- not seeing anything for this one,,,48083.93484497285,48.08393484497285,0.04808393484497285,163.69418714443208,hi4pi,upper_limit,0.01,9.1,hi4pi_no_velocity,,,,,,163.69418714443208,,
15,BootesIII,13.0,57.0,12.0,26.0,48.0,0.0,0.021,18.35,0.1,0.1,197.5,12.6,0.5,0.5,90.0,0.5,31.3,99.99,9.99,9.99,14.0,3.2,3.2,99.9,99.9,99.9,99.9,x,u,99.9,99.9,99.9,999.9,,18.35,212+26s.mir stdev 0.04K again so 0.02 Jy,,,46773.51412871986,46.77351412871986,0.046773514128719856,,,,,99.99,,,,,,,,,
16,GrusII,22.0,4.0,4.8,-46.0,26.0,24.0,9.999,18.62,0.21,0.21,999.9,14.7,0.2,0.2,999.9,9.99,99.9,6.0,0.9,0.5,99.9,99.9,99.9,99.9,99.9,99.9,99.9,x,u,99.9,99.9,99.9,999.9,,18.62,- not seeing one,,,52966.3443891658,52.966344389165805,0.0529663443891658,397.24940313396297,hi4pi,upper_limit,0.02,6.0,hi4pi_no_velocity,,,,,,397.24940313396297,,
17,LMC,5.0,23.0,34.5,-69.0,45.0,22.0,0.9259999999999999,18.52,0.09,0.09,262.2,0.4,0.1,0.1,999.9,9.99,99.9,99.99,9.99,9.99,20.2,0.5,0.5,49.8,15.9,15.9,460.0,x,u,15.8,0.2,0.2,63.0,,18.52,,,,50582.46620031137,50.58246620031137,0.05058246620031137,460000000.0,literature,detected_mass,,,literature,,,,,,,460000000.0,
18,TucanaV,23.0,37.0,24.0,-63.0,16.0,12.0,9.999,18.71,0.34,0.34,999.9,17.1,0.5,0.5,30.0,0.7,99.9,1.0,0.3,0.3,99.9,99.9,99.9,99.9,99.9,99.9,99.9,x,u,99.9,99.9,99.9,999.9,,18.71,"- not seeing one, Conn et al. 2018 says chance could be grouping of stars assoc with SMC",,,55207.74392807573,55.20774392807573,0.05520774392807573,388.42373747819016,hi4pi,upper_limit,0.018000000000000002,1.0,hi4pi_no_velocity,,,,,,388.42373747819016,,
19,Tucana2,22.0,51.0,55.1,-58.0,34.0,8.0,9.999,18.8,0.2,0.2,-129.0,15.0,0.1,0.1,107.0,0.39,99.9,9.83,1.66,1.11,8.5,99.9,99.9,99.9,99.9,99.9,99.9,x,u,99.9,99.9,99.9,999.9,,18.8,"- Walker et al. 2016, v_hel= -129 km/s, disp ~ 8.5 km/s",,,57543.993733715724,57.54399373371572,0.05754399373371572,211.79024266227847,hi4pi,upper_limit,0.11744,2.7,hi4pi_resolved_undetected,13.0,,,,,,,211.79024266227847
20,SagittariusII,19.0,52.0,40.5,-22.0,4.0,5.0,0.09699999999999999,19.13,0.15,0.15,999.9,13.9,0.4,0.4,72.0,0.23,99.9,2.0,0.4,0.3,99.9,99.9,99.9,99.9,99.9,99.9,99.9,x,u,99.9,99.9,99.9,999.9,,19.13,"- not seeing anything,Laevens et al. 2015 discovery paper makes it sound like it could be a weird one again",,,66988.4609416526,66.98846094165259,0.06698846094165259,635.4234721453141,hi4pi,upper_limit,0.02,2.0,hi4pi_no_velocity,,,,,,635.4234721453141,,
21,SMC,0.0,52.0,44.8,-72.0,49.0,43.0,0.419,19.03,0.12,0.12,145.6,2.2,0.2,0.2,999.9,9.99,99.9,99.99,9.99,9.99,27.6,0.5,0.5,0.0,0.0,0.0,460.0,x,u,22.0,2.0,2.0,60.0,,19.03,,,,63973.48354826482,63.97348354826482,0.06397348354826482,460000000.0,literature,detected_mass,,,literature,,,,,,,460000000.0,
22,Bootes(I),14.0,0.0,6.0,14.0,30.0,0.0,0.017,19.11,0.08,0.08,99.0,12.8,0.2,0.2,14.0,0.39,27.5,12.6,1.0,1.0,2.4,0.9,0.5,99.9,99.9,99.9,2.76,gs,u,0.0,0.0,0.0,0.0,,19.11,212+10s.mir (at edge)  stdev 0.08K (0.073-0.075),,,66374.30704019089,66.37430704019089,0.06637430704019089,570.6050379717902,galfa,upper_limit,0.024946,,galfa_resolved_undetected,,,570.6050379717902,,,,,
23,Draco,17.0,20.0,12.4,57.0,54.0,55.0,0.027000000000000003,19.4,0.17,0.17,-291.0,10.6,0.2,0.2,89.0,0.31,25.0,10.0,0.3,0.3,9.1,1.2,1.2,0.0,0.0,0.0,0.0,x,u,0.0,0.0,0.0,0.0,,19.4,,,,75857.75750291836,75.85775750291836,0.07585775750291836,506.9397025941739,hi4pi,upper_limit,0.21153000000000002,3.64,hi4pi_resolved_undetected,17.0,,,,,,,506.9397025941739
24,UrsaMinor,15.0,9.0,8.5,67.0,13.0,21.0,0.032,19.4,0.1,0.1,-246.9,10.6,0.5,0.5,53.0,0.56,26.0,8.2,1.2,1.2,9.5,1.2,1.2,0.0,0.0,0.0,0.0,x,u,0.0,0.0,0.0,0.0,,19.4,,,,75857.75750291836,75.85775750291836,0.07585775750291836,598.5852364615366,hi4pi,upper_limit,0.014692400000000001,8.2,hi4pi_unresolved_undetected,,,,598.5852364615366,,,,
25,HorologiumII,3.0,16.0,32.1,-50.0,1.0,5.0,9.999,19.46,0.2,0.2,999.9,16.9,0.2,0.3,127.0,0.52,99.9,2.09,0.44,0.41,99.9,99.9,99.9,99.9,99.9,99.9,99.9,x,u,99.9,99.9,99.9,999.9,,19.46,"- no seeing, Kim & Jerjen 2015 discovery paper",,,77983.01105232594,77.98301105232593,0.07798301105232594,775.0072456295995,hi4pi,upper_limit,0.018000000000000002,2.09,hi4pi_no_velocity,,,,,,775.0072456295995,,
26,Horologium1,2.0,55.0,31.7,-54.0,7.0,8.0,9.999,19.5,0.2,0.2,113.0,16.1,0.1,0.1,999.9,9.99,99.9,1.31,0.19,0.14,5.0,99.9,99.9,99.9,99.9,99.9,99.9,x,u,99.9,99.9,99.9,999.9,,19.5,"- Koposov et al. 2015 v_hel = 113 km/s, disp 5 km/s, D=79 kpc",,,79432.82347242814,79.43282347242814,0.07943282347242814,764.3207540811753,hi4pi,upper_limit,0.017109700000000002,1.31,hi4pi_unresolved_undetected,,,,764.3207540811753,,,,
27,Eridanus3,2.0,22.0,45.5,-52.0,17.0,1.0,9.999,19.7,0.2,0.2,999.9,17.7,0.3,0.3,83.0,0.27,99.9,0.54,0.5,0.1,99.9,99.9,99.9,99.9,99.9,99.9,99.9,x,u,99.9,99.9,99.9,999.9,,19.7,"- not seeing, Conn et al. says maybe star cluster",,,87096.35899560805,87.09635899560806,0.08709635899560805,1074.145846241324,hi4pi,upper_limit,0.02,0.54,hi4pi_no_velocity,,,,,,1074.145846241324,,
28,Phoenix2,23.0,39.0,59.4,-54.0,24.0,22.0,9.999,19.6,0.2,0.2,999.9,16.8,0.2,0.2,164.0,0.47,99.9,1.09,0.26,0.16,99.9,99.9,99.9,99.9,99.9,99.9,99.9,x,u,99.9,99.9,99.9,999.9,,19.6,- not seeing,,,83176.37711026716,83.17637711026715,0.08317637711026717,832.6877565980333,hi4pi,upper_limit,0.017,1.09,hi4pi_no_velocity,,,,,,832.6877565980333,,
29,Sculptor,1.0,0.0,9.4,-33.0,42.0,33.0,0.018000000000000002,19.67,0.14,0.14,111.4,8.6,0.5,0.5,99.0,0.32,23.5,11.3,1.6,1.6,9.2,1.4,1.4,0.0,0.0,0.0,0.22,x,u,0.0,0.0,0.0,0.0,,19.67,,,,85901.3521505396,85.90135215053961,0.08590135215053961,3216.0910941879756,hi4pi,upper_limit,0.0615595,11.3,hi4pi_unresolved_undetected,,,,3216.0910941879756,,,,
30,Sextans(I),10.0,13.0,3.0,-1.0,36.0,53.0,0.047,19.67,0.1,0.1,224.2,10.4,0.5,0.5,56.0,0.35,27.1,27.8,1.2,1.2,7.9,1.3,1.3,0.0,0.0,0.0,0.0,x,u,0.0,0.0,0.0,0.0,,19.67,(too south for g),,,85901.3521505396,85.90135215053961,0.08590135215053961,391.7321577994745,hi4pi,upper_limit,0.57736,1.9,hi4pi_resolved_undetected,77.0,,,,,,,391.7321577994745
31,ReticulumIII,3.0,45.0,26.4,-60.0,27.0,0.0,9.999,19.81,0.31,0.31,999.9,16.5,0.3,0.3,999.9,9.99,99.9,2.4,0.9,0.8,99.9,99.9,99.9,99.9,99.9,99.9,99.9,x,u,99.9,99.9,99.9,999.9,,19.81,- not seeing,,,91622.04901219992,91.62204901219992,0.09162204901219992,1010.3740397747455,hi4pi,upper_limit,0.017,2.4,hi4pi_no_velocity,,,,,,1010.3740397747455,,
32,Indus1,21.0,8.0,49.1,-51.0,9.0,56.0,9.999,20.0,0.2,0.2,999.9,16.5,0.2,0.2,999.9,9.99,99.9,1.26,0.45,0.27,99.9,99.9,99.9,99.9,99.9,99.9,99.9,x,u,99.9,99.9,99.9,999.9,,20.0,-  ,,,100000.0,100.0,0.1,1416.0000000000002,hi4pi,upper_limit,0.02,1.26,hi4pi_no_velocity,,,,,,1416.0000000000002,,
33,UrsaMajor(I),10.0,34.0,52.8,51.0,55.0,12.0,0.02,19.93,0.1,0.1,-55.3,14.4,0.3,0.3,71.0,0.8,27.7,11.3,1.7,1.7,7.6,1.0,1.0,99.9,99.9,99.9,0.0,x,u,0.0,0.0,0.0,0.0,,19.93,,,,96827.78562612487,96.82778562612486,0.09682778562612487,6811.551286571539,hi4pi,upper_limit,1.12877,2.3,hi4pi_resolved_undetected,11.0,,,,,,,6811.551286571539
34,Grus1,22.0,56.0,42.4,-50.0,9.0,48.0,9.999,20.4,0.2,0.2,-141.0,17.0,0.3,0.3,4.0,0.41,99.9,1.77,0.85,0.39,99.9,99.9,99.9,99.9,99.9,99.9,99.9,x,u,99.9,99.9,99.9,999.9,,20.4,Walker et al. (2016) v_hel = -140.5 km/s,,,120226.4434617413,120.22644346174131,0.1202264434617413,2165.8529076975533,hi4pi,upper_limit,0.0211639,1.77,hi4pi_unresolved_undetected,,,,2165.8529076975533,,,,
35,Pictoris1,4.0,43.0,47.4,-50.0,16.0,59.0,9.999,20.3,0.2,0.2,999.9,17.2,0.3,0.3,78.0,0.47,99.9,0.88,0.27,0.13,99.9,99.9,99.9,99.9,99.9,99.9,99.9,x,u,99.9,99.9,99.9,999.9,,20.3,- not seeing,,,114815.3621496884,114.8153621496884,0.1148153621496884,1866.6515417958767,hi4pi,upper_limit,0.02,0.88,hi4pi_no_velocity,,,,,,1866.6515417958767,,
36,Carina,6.0,41.0,36.7,-50.0,57.0,58.0,0.061,20.11,0.13,0.13,222.9,11.0,0.5,0.5,65.0,0.33,25.5,8.2,1.2,1.2,6.6,1.2,1.2,0.0,0.0,0.0,0.0,x,u,0.0,0.0,0.0,0.0,,20.11,,,,105196.18738232236,105.19618738232236,0.10519618738232235,1127.8098307322118,hi4pi,upper_limit,0.0143947,8.2,hi4pi_unresolved_undetected,,,,1127.8098307322118,,,,
37,Hercules,16.0,31.0,2.0,12.0,47.0,30.0,0.063,20.6,0.2,0.2,45.2,14.0,0.3,0.3,102.0,0.68,27.2,8.6,1.8,1.1,3.7,0.9,0.9,99.9,99.9,99.9,3.41,gs,u,0.0,0.0,0.0,0.0,,20.6,244+10s  stdev 0.08K,,,131825.67385564075,131.82567385564076,0.13182567385564076,1530.633073672009,hi4pi,upper_limit,0.0124405,8.6,hi4pi_unresolved_undetected,,,2548.4508544647174,1530.633073672009,,,,
38,HydraII,12.0,21.0,42.1,-31.0,59.0,7.0,0.053,20.64,0.16,0.16,303.1,15.8,0.3,0.3,28.0,0.01,99.9,1.7,0.3,0.2,99.9,99.9,99.9,99.9,99.9,99.9,99.9,x,u,99.9,99.9,99.9,999.9,,20.64,,,,134276.49611378642,134.2764961137864,0.13427649611378642,2558.6132897298457,hi4pi,upper_limit,0.020043400000000003,1.7,hi4pi_unresolved_undetected,,,,2558.6132897298457,,,,
39,Fornax,2.0,39.0,59.3,-34.0,26.0,57.0,0.021,20.84,0.18,0.18,55.3,7.4,0.3,0.3,41.0,0.3,23.3,16.6,1.2,1.2,11.7,0.9,0.9,0.0,0.0,0.0,0.17,x,u,0.0,0.0,0.0,0.0,,20.84,,,,147231.25024327193,147.23125024327194,0.14723125024327194,3815.6415820000707,hi4pi,upper_limit,0.024861900000000003,16.6,hi4pi_unresolved_undetected,,,,3815.6415820000707,,,,
40,LeoIV,11.0,32.0,57.0,0.0,32.0,0.0,0.026000000000000002,20.94,0.09,0.09,132.3,15.1,0.4,0.4,121.0,0.49,27.5,4.6,0.8,0.8,3.3,1.7,1.7,99.9,99.9,99.9,3.36,gs,u,0.0,0.0,0.0,0.0,,20.94,172+2  stdev 0.095K noisier region getting into galactic,,,154170.04529495616,154.17004529495617,0.15417004529495615,2292.751670375776,galfa,upper_limit,0.018579,,galfa_resolved_undetected,,,2292.751670375776,,,,,
41,CanesVenaticiII,12.0,57.0,10.0,34.0,19.0,15.0,0.01,21.02,0.06,0.06,-128.9,16.1,0.5,0.5,177.0,0.52,26.1,1.6,0.3,0.3,4.6,1.0,1.0,99.9,99.9,99.9,0.0,x,u,0.0,0.0,0.0,0.0,,21.02,196+34 stdev 0.076K,,,159955.8028614668,159.9558028614668,0.1599558028614668,2371.044611698523,hi4pi,upper_limit,0.013088999999999998,1.6,hi4pi_unresolved_undetected,,,,2371.044611698523,,,,
42,LeoV,11.0,31.0,9.6,2.0,13.0,12.0,0.027000000000000003,21.25,0.12,0.12,173.3,16.0,0.4,0.4,96.0,0.5,27.1,2.6,0.6,0.6,3.7,2.3,1.4,99.9,99.9,99.9,0.0,x,u,0.0,0.0,0.0,0.0,,21.25,172+2 stdev 0.08K rounding up,,,177827.94100389228,177.82794100389228,0.1778279410038923,3249.8742066977734,galfa,upper_limit,0.079254866,2.6,galfa_unresolved_undetected,,3249.8742066977734,,,,,,
43,PiscesII,22.0,58.0,31.0,5.0,57.0,9.0,0.065,21.3,9.99,9.99,-227.0,16.3,0.5,0.5,77.0,0.4,25.7,1.1,0.1,0.1,5.4,99.9,99.9,99.9,99.9,99.9,99.9,x,u,99.9,99.9,99.9,999.9,,21.3,"348+2s.mir - Kirby et al. (2015) -226.5 km/s, dis = 5.4 km/s 0.04K except about 30 km/s to -80 (nasty baseline, mag st through region, clear at position, but interesting that diffuse elevated) ",,,181970.08586099825,181.97008586099827,0.18197008586099825,,,,,1.1,,,,,,,,,
44,ColumbaI,5.0,31.0,26.4,-28.0,1.0,48.0,9.999,21.3,0.22,0.22,999.9,16.8,0.2,0.2,999.9,9.99,99.9,1.9,0.5,0.4,99.9,99.9,99.9,99.9,99.9,99.9,99.9,x,u,99.9,99.9,99.9,999.9,,21.3,- not velocity,,,181970.08586099825,181.97008586099827,0.18197008586099825,5157.698348212833,hi4pi,upper_limit,0.022000000000000002,1.9,hi4pi_no_velocity,,,,,,5157.698348212833,,
45,Pegasus3,22.0,24.0,22.6,5.0,25.0,12.0,9.999,21.56,0.2,0.2,999.9,17.5,0.5,0.5,133.0,0.46,99.9,1.3,0.5,0.4,99.9,99.9,99.9,99.9,99.9,99.9,3.43,g,unv,99.9,99.9,99.9,999.9,,21.56,340+2s.mir - not seeing  ~0.06K void 30 to -60 km/s about,,,205116.21788255626,205.11621788255627,0.20511621788255627,2727.7880301848504,galfa,upper_limit,0.05,1.3,galfa_no_velocity,,,,,2727.7880301848504,,,
46,IndusI?,20.0,38.0,52.8,-46.0,9.0,36.0,9.999,21.65,0.16,0.16,999.9,17.4,0.2,0.2,999.9,9.99,99.9,2.9,1.1,1.0,99.9,99.9,99.9,99.9,99.9,99.9,99.9,x,u,99.9,99.9,99.9,999.9,,21.65,- not seeing,,,213796.20895022326,213.79620895022325,0.21379620895022325,6148.750326699301,hi4pi,upper_limit,0.019,2.9,hi4pi_no_velocity,,,,,,6148.750326699301,,
47,CanesVenatici(I),13.0,28.0,3.5,33.0,33.0,21.0,0.013999999999999999,21.69,0.1,0.1,30.9,13.1,0.2,0.2,70.0,0.39,27.1,8.9,0.4,0.4,7.6,0.4,0.4,99.9,99.9,99.9,3.6,gs,u,0.0,0.0,0.0,0.0,,21.69,"204+34 0.06K would benefit from unsharp mask as close to Galactic, baselines generally look quite good, but can see Josh’s point on velocity on-off on this one as baseline going up and down with position",,,217770.97723531592,217.7709772353159,0.2177709772353159,5137.783255119092,hi4pi,upper_limit,0.0153018,8.9,hi4pi_unresolved_undetected,,,,5137.783255119092,,,,
48,LeoII,11.0,13.0,28.8,22.0,9.0,6.0,0.017,21.84,0.13,0.13,78.0,12.0,0.3,0.3,12.0,0.13,24.2,2.6,0.6,0.6,6.6,0.7,0.7,99.9,99.9,99.9,0.0,x,u,0.0,0.0,0.0,0.0,,21.84,172+18  0.08K towards edge of the cube,,,233345.80622810044,233.34580622810043,0.23334580622810044,4467.924511197437,hi4pi,upper_limit,0.01158971,2.6,hi4pi_unresolved_undetected,,,,4467.924511197437,,,,
49,LeoI,10.0,8.0,28.1,12.0,18.0,23.0,0.036000000000000004,22.02,0.13,0.13,282.5,10.0,0.3,0.3,79.0,0.21,22.6,3.4,0.3,0.3,9.2,1.4,1.4,0.0,0.0,0.0,4.02,gs,u,0.0,0.0,0.0,0.0,,22.02,156+10  0.09K towards edge,,,253512.8630497907,253.5128630497907,0.2535128630497907,10554.74161280725,galfa,upper_limit,0.031631,,galfa_resolved_undetected,,,10554.74161280725,,,,,
50,#Andromeda,0.0,42.0,44.3,41.0,16.0,9.0,0.684,24.47,0.07,0.07,-300.0,99.9,9.9,9.9,999.9,9.99,99.9,99.99,9.99,9.99,99.9,99.9,99.9,99.9,99.9,99.9,99.9,x,u,99.9,99.9,99.9,99.9,,,,,,783429.642766212,783.4296427662119,0.783429642766212,,,,,,,,,,,,,,
51,M32,0.0,42.0,41.8,40.0,51.0,55.0,0.154,24.53,0.21,0.21,-199.0,8.1,0.1,0.1,159.0,0.25,11.1,0.47,0.05,0.05,92.0,5.0,5.0,55.0,3.0,3.0,0.0,x,u,0.0,0.0,0.0,0.0,,24.53,,,,805378.4411990676,805.3784411990677,0.8053784411990677,176702.82413085186,hi4pi,upper_limit,0.0384778,0.47,hi4pi_unresolved_undetected,,,,176702.82413085186,,,,
52,AndromedaIX,0.0,52.0,53.0,43.0,11.0,45.0,0.075,24.42,0.07,0.07,-209.4,16.3,1.1,1.1,999.9,9.99,28.0,2.5,0.1,0.1,10.9,2.0,2.0,99.9,99.9,99.9,0.0,x,u,0.0,0.0,0.0,0.0,,24.42,,,,765596.6069112569,765.5966069112569,0.7655966069112569,55334.62428808137,hi4pi,upper_limit,0.013334100000000002,2.5,hi4pi_unresolved_undetected,,,,55334.62428808137,,,,
53,NGC205,0.0,40.0,22.1,41.0,41.0,7.0,0.085,24.58,0.07,0.07,-246.0,8.1,0.1,0.1,28.0,0.43,19.2,2.46,0.1,0.1,35.0,5.0,5.0,11.0,5.0,5.0,0.4,x,u,16.1,99.9,99.9,0.0,,24.58,,,,824138.1150130013,824.1381150130012,0.8241381150130013,400000.0,literature,detected_mass,,,literature,,,,,,,400000.0,
54,AndromedaI,0.0,45.0,39.8,38.0,2.0,28.0,0.053,24.36,0.07,0.07,-376.3,12.5,0.1,0.1,22.0,0.22,24.7,3.1,0.3,0.3,10.2,1.9,1.9,99.9,99.9,99.9,0.0,x,u,0.0,0.0,0.0,0.0,,24.36,,,,744731.9739059889,744.7319739059889,0.7447319739059889,75490.19896782096,hi4pi,upper_limit,0.019224599999999998,3.1,hi4pi_unresolved_undetected,,,,75490.19896782096,,,,
55,AndromedaXVII,0.0,37.0,7.0,44.0,19.0,20.0,0.07400000000000001,24.31,0.11,0.08,-251.6,15.8,0.4,0.4,122.0,0.27,25.7,1.24,0.08,0.08,2.9,2.2,1.9,99.9,99.9,99.9,0.0,x,u,0.0,0.0,0.0,0.0,,24.31,,,,727779.8045368242,727.7798045368243,0.7277798045368242,41792.441494908395,hi4pi,upper_limit,0.0111446,1.24,hi4pi_unresolved_undetected,,,,41792.441494908395,,,,
56,AndromedaXXVII,0.0,37.0,27.1,45.0,23.0,13.0,0.08,24.59,0.12,0.12,-539.6,16.7,0.5,0.5,150.0,0.4,27.6,1.8,0.3,0.3,14.8,4.3,3.1,99.9,99.9,99.9,99.9,x,u,99.9,99.9,99.9,99.9,,24.59,,,,827942.1637123345,827.9421637123345,0.8279421637123344,91039.81474305879,hi4pi,upper_limit,0.0187585,1.8,hi4pi_unresolved_undetected,,,,91039.81474305879,,,,
57,AndromedaIII,0.0,35.0,33.8,36.0,29.0,52.0,0.055999999999999994,24.37,0.07,0.07,-344.3,14.2,0.3,0.3,136.0,0.52,24.8,2.2,0.2,0.2,9.3,1.4,1.4,99.9,99.9,99.9,0.0,x,u,0.0,0.0,0.0,0.0,,24.37,"004+34, m31",,,748169.5005111552,748.1695005111552,0.7481695005111553,62466.74628965963,galfa,upper_limit,0.08606137300000001,2.2,galfa_unresolved_undetected,,62466.74628965963,,,,,,
58,AndromedaXXV,0.0,30.0,8.9,46.0,51.0,7.0,0.10099999999999999,24.55,0.12,0.12,-107.8,14.8,0.5,0.5,170.0,0.25,27.1,3.0,0.2,0.2,3.0,1.2,1.1,99.9,99.9,99.9,99.9,x,u,99.9,99.9,99.9,99.9,,24.55,,,,812830.5161640996,812.8305161640995,0.8128305161640995,104440.15804667487,hi4pi,upper_limit,0.022327200000000002,3.0,hi4pi_unresolved_undetected,,,,104440.15804667487,,,,
59,AndromedaXXVI,0.0,23.0,45.6,47.0,54.0,58.0,0.11,24.41,0.12,0.12,-261.6,17.3,0.5,0.5,145.0,0.25,27.4,1.0,0.1,0.1,8.6,2.8,2.2,99.9,99.9,99.9,99.9,x,u,99.9,99.9,99.9,99.9,,24.41,,,,762079.0100254115,762.0790100254115,0.7620790100254115,50044.453596407686,hi4pi,upper_limit,0.0121709,1.0,hi4pi_unresolved_undetected,,,,50044.453596407686,,,,
60,AndromedaV,1.0,10.0,17.1,47.0,37.0,41.0,0.125,24.44,0.08,0.08,-403.0,14.9,0.2,0.2,32.0,0.18,25.3,1.4,0.2,0.2,11.5,5.3,4.4,99.9,99.9,99.9,0.0,x,u,0.0,0.0,0.0,0.0,,24.44,,,,772680.5850957021,772.6805850957021,0.7726805850957021,80461.55479625608,hi4pi,upper_limit,0.0190351,1.4,hi4pi_unresolved_undetected,,,,80461.55479625608,,,,
61,AndromedaXI,0.0,46.0,20.0,33.0,48.0,5.0,0.08,24.33,0.05,0.05,-419.6,17.5,1.2,1.2,999.9,9.99,26.5,0.71,0.03,0.03,4.6,99.9,99.9,99.9,99.9,99.9,0.0,x,u,0.0,0.0,0.0,0.0,,24.33,"012+34, m31",,,734513.8681571144,734.5138681571144,0.7345138681571144,46342.55543034587,hi4pi,upper_limit,0.0121324,0.71,hi4pi_unresolved_undetected,,,,46342.55543034587,,,,
62,AndromedaXIX,0.0,19.0,32.1,35.0,2.0,37.0,0.062,24.57,0.08,0.43,-111.6,15.6,0.6,0.6,37.0,0.17,29.3,6.2,0.1,0.1,4.7,1.6,1.4,99.9,99.9,99.9,5.13,gs,u,99.9,99.9,99.9,99.9,,24.57,"004+34, m31",,,820351.5443298176,820.3515443298177,0.8203515443298176,134644.9430959646,galfa,upper_limit,0.0360227,6.2,galfa_resolved_undetected,,,134644.9430959646,171636.448270038,,,,
63,AndromedaXXIII,1.0,29.0,21.8,38.0,43.0,8.0,0.066,24.43,0.13,0.13,-237.7,14.2,0.5,0.5,138.0,0.4,28.0,4.6,0.2,0.2,7.1,1.0,1.0,99.9,99.9,99.9,99.9,x,u,99.9,99.9,99.9,99.9,,24.43,,,,769130.4402866098,769.1304402866098,0.7691304402866098,81961.66420634136,hi4pi,upper_limit,0.0195694,4.6,hi4pi_unresolved_undetected,,,,81961.66420634136,,,,
64,AndromedaXX,0.0,7.0,30.7,35.0,7.0,56.0,0.059000000000000004,24.35,0.12,0.16,-456.2,18.2,0.8,0.8,80.0,0.3,26.2,0.53,0.14,0.04,7.1,3.9,2.5,99.9,99.9,99.9,99.9,x,u,99.9,99.9,99.9,99.9,,24.35,004+34,,,741310.2413009177,741.3102413009177,0.7413102413009177,54099.65881952437,galfa,upper_limit,0.0759196,0.53,galfa_unresolved_undetected,,54099.65881952437,,,,,,
65,AndromedaXIII,0.0,51.0,51.0,33.0,0.0,16.0,0.08199999999999999,24.62,0.05,0.05,-185.4,18.1,1.2,1.2,999.9,9.99,27.3,0.78,0.08,0.08,5.8,2.0,2.0,99.9,99.9,99.9,0.0,x,u,0.0,0.0,0.0,0.0,(206)(207),24.62,012+34,,,839459.9865193982,839.4599865193982,0.8394599865193981,69487.32097704902,galfa,upper_limit,0.076044,0.78,galfa_unresolved_undetected,,69487.32097704902,,,,,,
66,AndromedaX,1.0,6.0,33.7,44.0,48.0,16.0,0.129,24.13,0.08,0.13,-164.1,16.6,1.0,1.0,46.0,0.44,26.3,1.3,0.1,0.1,6.4,1.4,1.4,99.9,99.9,99.9,0.0,x,u,0.0,0.0,0.0,0.0,201)(202),24.13,,,,669884.6094165258,669.8846094165258,0.6698846094165258,34335.10731737203,hi4pi,upper_limit,0.010806999999999999,1.3,hi4pi_unresolved_undetected,,,,34335.10731737203,,,,
67,AndromedaXXI,23.0,54.0,47.7,42.0,28.0,15.0,0.09300000000000001,24.59,0.06,0.07,-362.5,14.8,0.6,0.6,110.0,0.2,27.0,3.5,0.3,0.3,4.5,1.2,1.0,99.9,99.9,99.9,99.9,x,u,99.9,99.9,99.9,99.9,,24.59,,,,827942.1637123345,827.9421637123345,0.8279421637123344,68938.08398953959,hi4pi,upper_limit,0.014204499999999998,3.5,hi4pi_unresolved_undetected,,,,68938.08398953959,,,,
68,AndromedaXXXII,0.0,35.0,59.4,51.0,33.0,35.0,0.193,24.45,0.14,0.14,999.9,12.2,0.7,0.7,-90.0,0.5,26.4,6.5,1.2,1.0,99.9,99.9,99.9,99.9,99.9,99.9,99.9,x,u,99.9,99.9,99.9,999.9,,24.45,- not seeing,,,776247.1166286911,776.2471166286911,0.7762471166286911,59725.706171690224,hi4pi,upper_limit,0.013999999999999999,,hi4pi_no_velocity,,,,,,59725.706171690224,,
69,NGC147,0.0,33.0,12.1,48.0,30.0,32.0,0.172,24.15,0.09,0.09,-193.1,9.5,0.1,0.1,25.0,0.41,21.2,3.17,9.99,9.99,16.0,1.0,1.0,17.0,2.0,2.0,0.0,x,u,0.0,0.0,0.0,0.0,,24.15,,,,676082.9753919819,676.0829753919819,0.6760829753919819,67278.97883786725,hi4pi,upper_limit,0.0207896,3.17,hi4pi_unresolved_undetected,,,,67278.97883786725,,,,
70,AndromedaXXX,0.0,36.0,34.9,49.0,38.0,48.0,0.166,24.17,0.1,0.26,-139.8,16.2,0.3,0.3,999.9,9.99,99.9,1.35,0.12,0.18,11.8,7.7,4.7,99.9,99.9,99.9,99.9,x,u,99.9,99.9,99.9,999.9,,24.17,,,,682338.6941416705,682.3386941416704,0.6823386941416705,40179.86383908407,hi4pi,upper_limit,0.0121892,1.35,hi4pi_unresolved_undetected,,,,40179.86383908407,,,,
71,AndromedaXIV,0.0,51.0,35.0,29.0,41.0,49.0,0.06,24.5,0.06,0.56,-480.6,15.9,0.5,0.5,999.9,0.31,27.2,1.7,0.8,0.8,5.3,1.0,1.0,99.9,99.9,99.9,0.0,x,u,0.0,0.0,0.0,0.0,202),24.5,012+26,,,794328.2347242822,794.3282347242822,0.7943282347242822,23761.7027596508,galfa,upper_limit,0.029042697000000003,1.7,galfa_unresolved_undetected,,23761.7027596508,,,,,,
72,AndromedaXII,0.0,47.0,27.0,34.0,22.0,29.0,0.11,24.84,0.09,0.34,-558.4,18.3,1.2,1.2,999.9,9.99,28.5,1.2,0.2,0.2,2.6,5.1,2.6,99.9,99.9,99.9,0.0,x,u,0.0,0.0,0.0,0.0,(207),24.84,"012+34, m31",,,928966.3867799363,928.9663867799362,0.9289663867799363,79257.11058048169,galfa,upper_limit,0.07082680000000001,1.2,galfa_unresolved_undetected,,79257.11058048169,,,,,,
73,AndromedaXV,1.0,14.0,18.7,38.0,7.0,3.0,0.047,23.98,0.26,0.12,-323.0,14.6,0.3,0.3,0.0,0.0,24.8,1.21,0.05,0.05,4.0,1.4,1.4,99.9,99.9,99.9,0.0,x,u,0.0,0.0,0.0,0.0,202),23.98,,,,625172.6927756862,625.1726927756862,0.6251726927756861,40923.15702039255,hi4pi,upper_limit,0.0147889,1.21,hi4pi_unresolved_undetected,,,,40923.15702039255,,,,
74,AndromedaII,1.0,16.0,29.8,33.0,25.0,9.0,0.061,24.07,0.06,0.06,-192.4,11.5,0.2,0.2,34.0,0.2,24.5,6.2,0.2,0.2,7.8,1.1,1.1,10.9,2.4,2.4,4.65,gs,u,0.0,0.0,0.0,0.0,204),24.07,"020+34,m31?""
NGC185             0 38 58.0  48 20 15  23.95 0.09 0.09 -203.8  1.1  1.1 0.11 m31
AndromedaXXIX     23 58 55.6  30 45 20  24.32 0.22 0.22 -194.4  1.5  1.5 99.9 g31dr1 356+34""",,,651628.3940608428,651.6283940608428,0.6516283940608428,44332.79962077016,galfa,upper_limit,0.021649099999999998,6.2,galfa_resolved_undetected,,,44332.79962077016,65083.83032495729,,,,
75,NGC185,0.0,38.0,58.0,48.0,20.0,15.0,0.184,23.95,0.09,0.09,-203.8,9.2,0.1,0.1,35.0,0.15,20.8,2.55,9.99,9.99,24.0,1.0,1.0,15.0,5.0,5.0,0.11,x,u,15.3,0.8,0.8,0.0,,,,,,616595.0018614823,616.5950018614823,0.6165950018614823,110000.0,literature,detected_mass,,,literature,,,,,,,110000.0,
76,AndromedaXXIX,23.0,58.0,55.6,30.0,45.0,20.0,0.046,24.32,0.22,0.22,-194.4,16.0,0.4,0.4,51.0,0.35,99.9,1.7,0.2,0.2,5.7,1.2,1.2,99.9,99.9,99.9,99.9,x,u,99.9,99.9,99.9,99.9,,,,,,731139.0834834172,731.1390834834172,0.7311390834834172,,,,,1.7,,,,,,,,,
77,Triangulum,1.0,33.0,50.9,30.0,39.0,37.0,0.040999999999999995,24.54,0.06,0.06,-179.2,5.7,0.1,0.1,999.9,9.99,99.9,99.99,9.99,9.99,99.9,99.9,99.9,99.9,99.9,99.9,99.9,x,u,99.9,99.9,99.9,99.9,,,,,,809095.8991783813,809.0958991783813,0.8090958991783813,,,,,,,,,,,,,,
78,AndromedaXXIV,1.0,18.0,30.0,46.0,21.0,58.0,0.083,23.89,0.12,0.12,-128.2,16.3,0.5,0.5,5.0,0.25,27.8,2.1,0.1,0.1,99.9,99.9,99.9,99.9,99.9,99.9,99.9,x,u,99.9,99.9,99.9,99.9,,23.89,,,,599791.0762555101,599.7910762555101,0.5997910762555101,39587.90472252748,hi4pi,upper_limit,0.015542799999999999,2.1,hi4pi_unresolved_undetected,,,,39587.90472252748,,,,
79,AndromedaVII,23.0,26.0,31.7,50.0,40.0,33.0,0.19399999999999998,24.41,0.1,0.1,-307.2,11.2,0.3,0.3,94.0,0.13,23.2,3.5,0.1,0.1,13.0,1.0,1.0,99.9,99.9,99.9,0.0,x,u,0.0,0.0,0.0,0.0,201),24.41,,,,762079.0100254115,762.0790100254115,0.7620790100254115,65554.20874727161,hi4pi,upper_limit,0.0159429,3.5,hi4pi_unresolved_undetected,,,,65554.20874727161,,,,
80,IC10,0.0,20.0,17.3,59.0,18.0,14.0,1.568,24.5,0.12,0.12,-348.0,9.5,0.2,0.2,999.9,0.19,24.6,2.65,9.99,9.99,99.9,99.9,99.9,99.9,99.9,99.9,50.0,x,u,8.0,1.0,1.0,34.0,45)(146)(196),24.5,,,,794328.2347242822,794.3282347242822,0.7943282347242822,50000000.0,literature,detected_mass,,,literature,,,,,,,50000000.0,
81,AndromedaXXXI,22.0,58.0,16.3,41.0,17.0,28.0,0.133,24.4,0.12,0.12,999.9,12.7,0.7,0.7,-59.0,0.43,25.8,4.2,0.4,0.5,99.9,99.9,99.9,99.9,99.9,99.9,99.9,x,u,99.9,99.9,99.9,999.9,,24.4,- not seeing,,,758577.5750291836,758.5775750291837,0.7585775750291837,81482.2951269414,hi4pi,upper_limit,0.02,,hi4pi_no_velocity,,,,,,81482.2951269414,,
82,LGS3,1.0,3.0,55.0,21.0,53.0,6.0,0.04,24.43,0.07,0.07,-286.5,14.3,0.1,0.1,0.0,0.2,24.8,2.1,0.2,0.2,7.9,5.3,2.9,99.9,99.9,99.9,0.38,x,u,9.1,0.3,0.3,5.0,,24.43,"012+18 - check at least some of these detections for a reality check, or do you actually want to remeasure these?  There is this Courtois & Tully 2015 paper on remeasuring HI",,,769130.4402866098,769.1304402866098,0.7691304402866098,380000.0,literature,detected_mass,,,literature,,,,,,,380000.0,
83,AndromedaVI,23.0,51.0,46.3,24.0,34.0,57.0,0.063,24.47,0.07,0.07,-339.8,13.0,0.2,0.2,163.0,0.41,24.1,2.3,0.2,0.2,12.4,1.5,1.3,99.9,99.9,99.9,0.0,x,u,0.0,0.0,0.0,0.0,130)(207),24.47,356+26,,,783429.642766212,783.4296427662119,0.783429642766212,,,,,2.3,,,,,,,,,
84,AndromedaXXII,1.0,27.0,40.0,28.0,5.0,25.0,0.079,24.82,0.07,0.36,-129.8,18.0,0.8,0.8,114.0,0.56,26.7,0.94,0.1,0.1,2.8,1.9,1.4,99.9,99.9,99.9,99.9,x,u,99.9,99.9,99.9,99.9,(212),24.82,020+26,,,920449.5717531722,920.4495717531722,0.9204495717531722,39283.68717351311,galfa,upper_limit,0.035757869,0.94,galfa_unresolved_undetected,,39283.68717351311,,,,,,
85,AndromedaXVI,0.0,59.0,29.8,32.0,22.0,36.0,0.067,23.39,0.19,0.14,-367.3,14.4,0.3,0.3,0.0,0.0,23.9,0.89,0.05,0.05,3.8,2.9,2.9,99.9,99.9,99.9,0.0,x,u,0.0,0.0,0.0,0.0,202),23.39,012+34,,,476430.9868054156,476.4309868054156,0.47643098680541557,20296.339297768245,galfa,upper_limit,0.0689568,0.89,galfa_unresolved_undetected,,20296.339297768245,,,,,,
86,AndromedaXXVIII,22.0,32.0,41.2,31.0,12.0,58.0,0.096,24.1,0.5,0.2,-326.2,15.6,0.4,0.9,39.0,0.34,26.3,1.11,0.21,0.21,6.6,2.9,2.1,99.9,99.9,99.9,99.9,x,u,99.9,99.9,99.9,99.9,,24.1,340+34,,,660693.4480075964,660.6934480075964,0.6606934480075964,,,,,1.11,,,,,,,,,
87,AndromedaXXXIII,3.0,1.0,23.6,40.0,59.0,18.0,0.131,24.44,0.18,0.18,999.9,14.1,0.7,0.7,-6.0,0.43,25.6,1.7,0.4,0.4,99.9,99.9,99.9,99.9,99.9,99.9,99.9,x,u,99.9,99.9,99.9,999.9,,24.44,- not seeing,,,772680.5850957021,772.6805850957021,0.7726805850957021,63405.14743520344,hi4pi,upper_limit,0.015,,hi4pi_no_velocity,,,,,,63405.14743520344,,
88,IC1613,1.0,4.0,47.8,2.0,7.0,4.0,0.025,24.39,0.12,0.12,-231.6,9.2,0.1,0.1,50.0,0.11,22.8,6.81,9.99,9.99,10.8,1.0,0.9,99.9,99.9,99.9,65.0,x,u,5.9,1.0,1.0,25.0,49)(217),24.39,012+02,,,755092.2276654341,755.0922276654342,0.7550922276654342,65000000.0,literature,detected_mass,,,literature,,,,,,,65000000.0,
89,Phoenix,1.0,51.0,6.3,-44.0,26.0,41.0,0.016,23.09,0.1,0.1,-13.0,13.2,0.4,0.4,5.0,0.4,25.8,3.76,9.99,9.99,99.9,99.9,99.9,99.9,99.9,99.9,0.12,x,u,10.0,4.0,4.0,0.0,150),23.09,,,,414954.0426343632,414.95404263436325,0.41495404263436325,120000.0,literature,detected_mass,,,literature,,,,,,,120000.0,
90,Eridanus2,3.0,44.0,21.1,-43.0,32.0,0.0,9.999,22.9,0.2,0.2,999.9,16.3,0.1,0.1,81.0,0.4,99.9,1.53,0.14,0.09,99.9,99.9,99.9,99.9,99.9,99.9,99.9,x,u,99.9,99.9,99.9,999.9,,22.9,- not seeing,,,380189.39632056124,380.18939632056123,0.38018939632056126,20467.42715376234,hi4pi,upper_limit,0.02,1.53,hi4pi_no_velocity,,,,,,20467.42715376234,,
91,NGC6822,19.0,44.0,56.6,-14.0,47.0,21.0,0.231,23.31,0.08,0.08,-54.5,8.1,0.2,0.2,330.0,0.24,19.7,2.65,9.99,9.99,23.2,1.2,1.2,99.9,99.9,99.9,130.0,x,u,5.8,1.9,1.9,47.0,51)(197)(217),23.31,,,,459198.0128368685,459.19801283686854,0.4591980128368685,130000000.0,literature,detected_mass,,,literature,,,,,,,130000000.0,
92,Cetus,0.0,26.0,11.0,-11.0,2.0,40.0,0.028999999999999998,24.39,0.07,0.07,-83.9,13.1,0.2,0.2,63.0,0.33,25.0,3.2,0.1,0.1,8.3,1.0,1.0,7.7,1.2,1.2,0.0,x,u,0.0,0.0,0.0,0.0,217),24.39,,,,755092.2276654341,755.0922276654342,0.7550922276654342,95114.61460733594,hi4pi,upper_limit,0.0235621,3.2,hi4pi_unresolved_undetected,,,,95114.61460733594,,,,
93,PegasusdIrr,23.0,28.0,36.3,14.0,44.0,35.0,0.068,24.82,0.07,0.07,-179.5,12.6,0.2,0.2,120.0,0.46,22.8,2.1,0.04,0.04,12.3,1.2,1.1,10.0,0.3,0.3,5.9,x,u,9.0,99.9,99.9,21.0,7),24.82,"- check DR1 and DR2 on this, DR1 356+18 (-153 (816) to -207 (743), lovely deep data extended)  for mbspect need to get the beam info in there to be accurate. kvis simple sum is ~2500 K km/s, extended but 2500 K / 9.1 K/Jy = 275 Jy km/s  MHI= 0.236*275*919^2 = 5.5 x 10^7  Nope and get an order of magnitude lower than the value quoted here (5.9 x 10^6) with mbspect without beam info, putting 0.00116 radians for bmaj/bmin in which gives the 240 arcsec beam.  it just gives something similar to kvis without conversion with beam 3500 K*pix km/s (or 3100 robust).  yes if you divide by the number of pixels per beam (say ~12) and then the 9.1 you get about the right answer.  otherwise try going through this the column density way",,,920449.5717531722,920.4495717531722,0.9204495717531722,5900000.0,literature,detected_mass,,,literature,,,,,,,5900000.0,
94,LeoT,9.0,34.0,53.4,17.0,3.0,5.0,0.031,23.1,0.1,0.1,38.1,15.1,0.5,0.5,0.0,0.0,24.8,0.99,0.06,0.06,7.5,1.6,1.6,99.9,99.9,99.9,0.28,x,u,6.9,1.0,1.0,0.0,79)(180),23.1,,,,416869.3834703355,416.8693834703355,0.41686938347033553,280000.0,literature,detected_mass,,,literature,,,,,,,280000.0,
95,WLM,0.0,1.0,58.2,-15.0,27.0,39.0,0.038,24.85,0.08,0.08,-130.0,10.6,0.1,0.1,179.0,0.55,23.7,8.62,0.26,0.26,17.5,2.0,2.0,17.0,1.0,1.0,61.0,x,u,4.5,1.0,1.0,30.0,05),24.85,,,,933254.3007969924,933.2543007969924,0.9332543007969923,61000000.0,literature,detected_mass,,,literature,,,,,,,61000000.0,
96,AndromedaXVIII,0.0,2.0,14.5,45.0,5.0,20.0,0.106,25.42,0.07,0.08,-332.1,16.0,9.9,9.9,999.9,9.99,25.6,0.92,0.06,0.06,9.7,2.3,2.3,99.9,99.9,99.9,99.9,x,u,99.9,99.9,99.9,99.9,,25.42,,,,1213388.8504649785,1213.3888504649785,1.2133888504649786,223479.5467967583,hi4pi,upper_limit,0.021439,0.92,hi4pi_unresolved_undetected,,,,223479.5467967583,,,,
97,LeoA,9.0,59.0,26.5,30.0,44.0,47.0,0.021,24.51,0.12,0.12,24.0,12.4,0.2,0.2,114.0,0.4,22.8,2.15,9.99,9.99,6.7,1.4,1.2,0.0,0.0,0.0,11.0,x,u,9.3,1.4,1.4,0.0,55)(198)(217),24.51,,,,797994.6872679768,797.9946872679768,0.7979946872679768,11000000.0,literature,detected_mass,,,literature,,,,,,,11000000.0,
98,Aquarius,20.0,46.0,51.8,-12.0,50.0,53.0,0.051,25.15,0.08,0.08,-137.7,14.5,0.1,0.1,98.7,0.5,23.6,1.47,0.04,0.04,7.9,1.9,1.6,99.9,99.9,99.9,4.1,x,u,5.8,0.1,0.1,0.0,,25.15,,,,1071519.3052376048,1071.5193052376048,1.0715193052376049,4099999.9999999995,literature,detected_mass,,,literature,,,,,,,4099999.9999999995,
99,Tucana,22.0,41.0,49.6,-64.0,25.0,10.0,0.031,24.74,0.12,0.12,194.0,15.2,0.2,0.2,97.0,0.48,25.0,1.1,0.2,0.2,15.8,4.1,3.1,16.0,99.9,99.9,0.0,x,u,0.0,0.0,0.0,0.0,,24.74,,,,887156.01203796,887.15601203796,0.88715601203796,85395.81245612683,hi4pi,upper_limit,0.015325100000000001,1.1,hi4pi_unresolved_undetected,,,,85395.81245612683,,,,
100,SagittariusdIrr,19.0,29.0,59.0,-17.0,40.0,51.0,0.124,25.14,0.18,0.18,-78.5,13.6,0.2,0.2,90.0,0.5,23.9,0.91,0.05,0.05,99.9,99.9,99.9,99.9,99.9,99.9,8.8,x,u,10.0,1.0,1.0,0.0,,25.14,,,,1066596.121230259,1066.596121230259,1.066596121230259,8800000.0,literature,detected_mass,,,literature,,,,,,,8800000.0,
101,UGC4879,9.0,16.0,2.2,52.0,50.0,24.0,0.016,25.67,0.04,0.04,-29.2,13.2,0.2,0.2,84.2,0.44,21.2,0.41,0.04,0.04,9.6,1.3,1.2,99.9,99.9,99.9,0.95,x,u,11.0,1.1,1.1,0.0,13)(217),25.67,,,,1361444.6824659512,1361.4446824659512,1.3614446824659512,950000.0,literature,detected_mass,,,literature,,,,,,,950000.0,
102,AntliaB,9.0,48.0,56.1,-25.0,59.0,24.0,0.069,25.56,0.16,0.16,376.0,15.9,0.6,0.6,4.0,0.3,99.9,0.72,0.07,0.07,99.9,99.9,99.9,99.9,99.9,99.9,0.28,x,u,0.02,0.02,99.9,999.9,,25.56,,,,1294195.8414499864,1294.1958414499863,1.2941958414499863,280000.0,literature,detected_mass,,,literature,,,,,,,280000.0,
103,NGC3109,10.0,3.0,6.9,-26.0,9.0,35.0,0.067,25.57,0.08,0.08,403.0,10.7,0.1,0.1,91.5,0.82,22.6,4.3,0.1,0.1,99.9,99.9,99.9,99.9,99.9,99.9,450.0,x,u,10.0,99.9,99.9,72.4,81)(157),25.57,,,,1300169.5780332899,1300.1695780332898,1.3001695780332898,450000000.0,literature,detected_mass,,,literature,,,,,,,450000000.0,
104,SextansB,10.0,0.0,0.1,5.0,19.0,56.0,0.031,25.77,0.03,0.03,304.0,11.3,0.2,0.2,110.0,0.31,21.9,1.06,0.1,0.1,8.0,99.9,99.9,90.0,99.9,99.9,51.0,x,u,18.0,99.9,99.9,71.0,58),25.77,,,,1425607.593602188,1425.607593602188,1.425607593602188,51000000.0,literature,detected_mass,,,literature,,,,,,,51000000.0,
105,Antlia,10.0,4.0,4.1,-27.0,19.0,52.0,0.079,25.65,0.1,0.1,362.0,15.2,0.2,0.2,135.0,0.4,23.9,1.2,0.12,0.12,99.9,99.9,99.9,99.9,99.9,99.9,0.73,x,u,6.4,0.7,0.7,99.9,81),25.65,,,,1348962.8825916534,1348.9628825916534,1.3489628825916533,730000.0,literature,detected_mass,,,literature,,,,,,,730000.0,
106,SextansA,10.0,11.0,0.8,-4.0,41.0,34.0,0.045,25.78,0.08,0.08,324.0,11.5,0.1,0.1,0.0,0.17,22.8,2.47,9.99,9.99,99.9,99.9,99.9,99.9,99.9,99.9,77.0,x,u,8.0,1.0,1.0,20.0,59)(199),25.78,,,,1432187.8992735455,1432.1878992735456,1.4321878992735455,77000000.0,literature,detected_mass,,,literature,,,,,,,77000000.0,
107,HIZSS3(A),7.0,0.0,29.3,-4.0,12.0,30.0,1.013,26.12,0.14,0.14,288.0,99.9,9.9,9.9,999.9,9.99,99.9,99.99,9.99,9.99,99.9,99.9,99.9,99.9,99.9,99.9,14.0,x,u,99.9,99.9,99.9,42.0,,26.12,,,,1674942.876026438,1674.9428760264382,1.674942876026438,14000000.0,literature,detected_mass,,,literature,,,,,,,14000000.0,
108,HIZSS3B,7.0,0.0,29.3,-4.0,12.0,30.0,1.013,26.12,0.14,0.14,322.6,99.9,9.9,9.9,999.9,9.99,99.9,99.99,9.99,9.99,99.9,99.9,99.9,99.9,99.9,99.9,2.6,x,u,99.9,99.9,99.9,99.9,,26.12,,,,1674942.876026438,1674.9428760264382,1.674942876026438,2600000.0,literature,detected_mass,,,literature,,,,,,,2600000.0,
109,LeoP,10.0,21.0,45.1,18.0,5.0,17.0,0.10800000000000001,26.05,0.2,0.2,264.0,16.9,0.1,0.1,999.9,9.99,99.9,99.99,9.99,9.99,99.9,9.9,9.9,99.9,99.9,99.9,0.94,x,u,99.9,99.9,99.9,9.0,,26.05,(not in dr2),,,1621810.0973589297,1621.8100973589296,1.6218100973589298,940000.0,literature,detected_mass,,,literature,,,,,,,940000.0,
110,ESO410-G005,0.0,15.0,31.6,-32.0,10.0,48.0,0.013999999999999999,26.42,0.04,0.04,999.9,14.9,0.3,0.3,57.0,0.37,22.2,0.5,0.05,0.05,99.9,99.9,99.9,99.9,99.9,99.9,0.73,x,u,14.2,0.6,0.6,99.9,,26.42,,,,1923091.7289101616,1923.0917289101617,1.9230917289101617,730000.0,literature,detected_mass,,,literature,,,,,,,730000.0,
111,KKR25,16.0,13.0,48.0,54.0,22.0,16.0,0.009000000000000001,26.42,0.07,0.07,-65.0,15.5,0.2,0.2,999.9,0.49,24.0,0.47,0.03,0.03,99.9,99.9,99.9,99.9,99.9,99.9,99.9,x,u,99.9,99.9,99.9,99.9,,26.42,,,,1923091.7289101616,1923.0917289101617,1.9230917289101617,605836.340434887,hi4pi,upper_limit,0.0231378,0.47,hi4pi_unresolved_undetected,,,,605836.340434887,,,,
113,ESO294-G010,0.0,26.0,33.4,-41.0,51.0,19.0,0.006,26.54,0.04,0.04,117.0,15.3,0.3,0.3,8.0,0.51,22.3,0.42,0.04,0.04,99.9,99.9,99.9,99.9,99.9,99.9,0.34,x,u,9.7,0.9,0.9,99.9,161),26.54,,,,2032357.0109362209,2032.3570109362208,2.032357010936221,340000.0,literature,detected_mass,,,literature,,,,,,,340000.0,
115,IC5152,22.0,2.0,41.5,-51.0,17.0,47.0,0.025,26.45,0.05,0.05,122.0,10.9,9.9,9.9,100.0,0.38,20.1,0.97,9.99,9.99,99.9,99.9,99.9,99.9,99.9,99.9,87.0,x,u,99.9,99.9,99.9,99.9,,26.45,,,,1949844.5997580455,1949.8445997580454,1.9498445997580456,87000000.0,literature,detected_mass,,,literature,,,,,,,87000000.0,
116,KKH98,23.0,45.0,34.0,38.0,43.0,4.0,0.12300000000000001,27.01,0.09,0.09,-136.9,15.2,0.3,0.3,175.0,0.41,22.8,0.64,0.06,0.06,99.9,99.9,99.9,99.9,99.9,99.9,6.6,x,u,99.9,99.9,99.9,99.9,90),27.01,,,,2523480.7724805754,2523.4807724805755,2.5234807724805752,6600000.0,literature,detected_mass,,,literature,,,,,,,6600000.0,
117,UKS2323-326,23.0,26.0,27.5,-32.0,23.0,20.0,0.015,26.72,0.09,0.09,62.0,13.5,0.2,0.2,120.0,0.1,22.9,0.9,0.1,0.1,99.9,99.9,99.9,99.9,99.9,99.9,17.0,x,u,99.9,99.9,99.9,99.9,166)(117),26.72,,,,2208004.7330188965,2208.0047330188963,2.2080047330188965,17000000.0,literature,detected_mass,,,literature,,,,,,,17000000.0,
118,KK258,22.0,40.0,43.9,-30.0,47.0,59.0,0.011000000000000001,26.85,0.07,0.07,92.0,16.3,9.9,9.9,999.9,0.5,26.0,9.99,9.99,9.99,99.9,99.9,99.9,99.9,99.9,99.9,99.9,x,u,99.9,99.9,99.9,999.9,,26.85,,,,2344228.8153199228,2344.228815319923,2.344228815319923,869026.1108125001,hi4pi,upper_limit,0.0223357,9.99,hi4pi_unresolved_undetected,,,,869026.1108125001,,,,
119,KKR3,14.0,7.0,10.5,35.0,3.0,37.0,0.013999999999999999,26.7,0.12,0.12,63.3,17.2,0.3,0.3,0.0,0.05,23.8,0.36,0.04,0.04,99.9,99.9,99.9,99.9,99.9,99.9,2.5,x,u,7.5,0.5,0.5,0.0,,26.7,,,,2187761.623949552,2187.761623949552,2.187761623949552,2500000.0,literature,detected_mass,,,literature,,,,,,,2500000.0,
120,KKs3,2.0,24.0,44.4,-73.0,30.0,51.0,0.045,26.63,0.07,0.07,316.0,14.5,0.1,0.1,999.9,0.6,24.9,0.57,0.06,0.06,99.9,99.9,99.9,99.9,99.9,99.9,99.9,x,u,99.9,99.9,99.9,999.9,,26.63,,,,2118361.1352485004,2118.3611352485004,2.1183611352485006,581479.1964775379,hi4pi,upper_limit,0.018302099999999998,0.57,hi4pi_unresolved_undetected,,,,581479.1964775379,,,,
121,GR8,12.0,58.0,40.4,14.0,13.0,3.0,0.026000000000000002,26.69,0.12,0.12,213.9,14.5,0.2,0.2,61.0,0.2,22.6,0.32,0.04,0.04,99.9,99.9,99.9,99.9,99.9,99.9,11.0,x,u,7.0,0.2,0.2,0.0,,26.69,,,,2177709.7723531593,2177.709772353159,2.1777097723531593,11000000.0,literature,detected_mass,,,literature,,,,,,,11000000.0,
122,UGC9128,14.0,15.0,56.5,23.0,3.0,19.0,0.023,26.8,0.04,0.04,152.0,14.4,0.3,0.3,46.0,0.4,22.6,0.64,0.07,0.07,99.9,99.9,99.9,99.9,99.9,99.9,18.0,x,u,15.0,99.9,99.9,56.0,,26.8,,,,2290867.6527677746,2290.867652767775,2.2908676527677745,18000000.0,literature,detected_mass,,,literature,,,,,,,18000000.0,
123,UGC8508,13.0,30.0,44.4,54.0,54.0,36.0,0.015,27.06,0.03,0.03,56.0,13.7,0.1,0.1,120.0,0.45,21.5,0.42,0.04,0.04,99.9,99.9,99.9,99.9,99.9,99.9,29.0,x,u,99.9,99.9,99.9,31.2,90)(168),27.06,,,,2582260.1906345957,2582.260190634596,2.582260190634596,29000000.0,literature,detected_mass,,,literature,,,,,,,29000000.0,
124,IC3104,12.0,18.0,46.0,-79.0,43.0,34.0,0.41,26.78,0.18,0.18,429.0,12.8,9.9,9.9,45.0,0.52,23.3,2.01,9.99,9.99,99.9,99.9,99.9,99.9,99.9,99.9,13.0,x,u,99.9,99.9,99.9,999.9,,26.78,,,,2269864.851883821,2269.8648518838213,2.2698648518838214,13000000.0,literature,detected_mass,,,literature,,,,,,,13000000.0,
125,DDO125,12.0,27.0,40.9,43.0,29.0,44.0,0.02,27.06,0.05,0.05,194.9,12.7,0.3,0.3,112.0,0.41,22.1,1.04,0.1,0.1,99.9,99.9,99.9,99.9,99.9,99.9,35.0,x,u,7.3,1.5,1.5,11.2,169)(170),27.06,,,,2582260.1906345957,2582.260190634596,2.582260190634596,35000000.0,literature,detected_mass,,,literature,,,,,,,35000000.0,
126,UGCA86,3.0,59.0,48.3,67.0,8.0,19.0,0.938,27.36,0.17,0.17,67.0,14.2,9.9,9.9,25.0,0.32,22.8,0.94,9.99,9.99,99.9,99.9,99.9,99.9,99.9,99.9,860.0,x,u,8.8,1.0,1.0,122.0,172),27.36,,,,2964831.389524339,2964.831389524339,2.9648313895243392,860000000.0,literature,detected_mass,,,literature,,,,,,,860000000.0,
127,DDO99,11.0,50.0,53.0,38.0,52.0,49.0,0.026000000000000002,27.07,0.14,0.14,251.0,13.9,0.1,0.1,70.0,0.29,22.9,0.9,0.09,0.09,99.9,99.9,99.9,99.9,99.9,99.9,52.0,x,u,99.9,99.9,99.9,99.9,117),27.07,,,,2594179.3621188123,2594.179362118812,2.5941793621188123,52000000.0,literature,detected_mass,,,literature,,,,,,,52000000.0,
128,IC4662,17.0,47.0,8.8,-64.0,38.0,30.0,0.07,26.94,0.17,0.17,302.0,11.1,0.3,0.3,111.0,0.27,18.7,0.48,0.05,0.05,99.9,99.9,99.9,99.9,99.9,99.9,180.0,x,u,99.9,99.9,99.9,99.9,,26.94,,,,2443430.5526939714,2443.4305526939715,2.4434305526939712,180000000.0,literature,detected_mass,,,literature,,,,,,,180000000.0,
129,DDO190,14.0,24.0,43.4,44.0,31.0,33.0,0.012,27.23,0.03,0.03,150.0,12.8,0.1,0.1,82.0,0.1,21.4,0.64,0.06,0.06,99.9,99.9,99.9,99.9,99.9,99.9,43.0,x,u,10.0,2.4,2.4,24.7,169)(170),27.23,,,,2792543.8412373364,2792.5438412373364,2.7925438412373365,43000000.0,literature,detected_mass,,,literature,,,,,,,43000000.0,
130,KKH86,13.0,54.0,33.5,4.0,14.0,35.0,0.027000000000000003,27.06,0.16,0.16,287.2,17.1,0.3,0.3,177.0,0.39,23.2,0.28,0.03,0.03,99.9,99.9,99.9,99.9,99.9,99.9,0.88,x,u,99.9,99.9,99.9,99.9,173),27.06,,,,2582260.1906345957,2582.260190634596,2.582260190634596,880000.0,literature,detected_mass,,,literature,,,,,,,880000.0,
131,NGC4163,12.0,12.0,9.1,36.0,10.0,9.0,0.02,27.28,0.03,0.03,165.0,13.2,0.3,0.3,11.0,0.3,21.1,0.45,0.05,0.05,99.9,99.9,99.9,99.9,99.9,99.9,7.9,x,u,7.4,99.9,99.9,8.7,174),27.28,,,,2857590.5433749496,2857.5905433749494,2.8575905433749496,7900000.0,literature,detected_mass,,,literature,,,,,,,7900000.0,
132,DDO113,12.0,14.0,57.9,36.0,13.0,8.0,0.02,27.35,0.06,0.06,284.0,16.4,0.3,0.3,999.9,0.0,24.0,0.7,0.07,0.07,99.9,99.9,99.9,99.9,99.9,99.9,48.0,x,u,99.9,99.9,99.9,99.9,,27.35,(should be 2 based on what is written for time),,,2951209.22666639,2951.20922666639,2.95120922666639,48000000.0,literature,detected_mass,,,literature,,,,,,,48000000.0,
133,CetusIII,2.0,5.0,19.4,-4.0,16.0,12.0,,22.0,0.2,0.1,,,,,,,,,,,,,,,,,,,,,,,,,,http://adsabs.harvard.edu/abs/2018PASJ...70S..18H,31.3292,-4.27,251188.64315095823,251.18864315095823,0.25118864315095824,8442.966417958378,hi4pi,upper_limit,0.0189,,hi4pi_unresolved_undetected,,,,8442.966417958378,,,,
134,DESJ0225+0304,2.0,25.0,42.4,3.0,4.0,10.0,,16.88,0.06,0.05,,,,,,,,,,,,,,,,,,,,,,,,,,http://adsabs.harvard.edu/abs/2017MNRAS.468...97L,36.425,3.0694,23768.402866248758,23.768402866248756,0.023768402866248758,70.83813016256323,galfa,upper_limit,0.0967,,galfa_unresolved_undetected,,70.83813016256323,,,,,,
135,PictorII,6.0,44.0,43.2,-59.0,53.0,49.0,0.107,18.3,0.12,0.15,,,,,,,,,,,,,,,,,,,,,,,,,,http://adsabs.harvard.edu/abs/2016ApJ...833L...5D,101.1792,-59.8969,45708.818961487515,45.708818961487516,0.04570881896148751,285.48978050441946,hi4pi,upper_limit,0.0193,,hi4pi_unresolved_undetected,,,,285.48978050441946,,,,
136,VirgoI,12.0,0.0,9.6,0.0,40.0,48.0,,19.7,0.3,0.2,,,,,,,,,,,,,,,,,,,,,,,,,,http://adsabs.harvard.edu/abs/2016ApJ...832...21H,180.0417,-0.68,87096.35899560805,87.09635899560806,0.08709635899560805,811.5112849350663,galfa,upper_limit,0.0825,,galfa_unresolved_undetected,,811.5112849350663,,,,,,
137,HydrusI,2.0,29.0,33.3,-79.0,18.0,32.0,,17.2,0.04,0.04,80.4,,,,,,,,,,,,,,,,,,,,,,,,,http://adsabs.harvard.edu/abs/2018MNRAS.479.5343K,-0.68,-79.3089,27542.28703338166,27.542287033381662,0.02754228703338166,,hi4pi,upper_limit,,,hi4pi_unresolved,,,,,,,,
138,CarinaII,,,,,,,,17.79,0.05,0.05,477.2,,,,,,,,,,,,,,,,,,,,,,,,,http://adsabs.harvard.edu/abs/2018MNRAS.475.5085T,114.1066,-57.9991,36140.98626396131,36.14098626396131,0.03614098626396131,220.09501933376762,hi4pi,upper_limit,0.0238,,hi4pi_unresolved_undetected,,,,220.09501933376762,,,,
139,CarinaIII,,,,,,,,17.22,0.1,0.1,284.6,,,,,,,,,,,,,,,,,,,,,,,,,http://adsabs.harvard.edu/abs/2018MNRAS.475.5085T,114.6298,-57.8997,27797.132677592883,27.797132677592884,0.027797132677592883,101.20570303583507,hi4pi,upper_limit,0.0185,,hi4pi_unresolved_undetected,,,,101.20570303583507,,,,
140,CraterII,,,,,,,,20.35,0.02,0.02,87.5,,,,,,,,,,,,,,,,,,,,,,,,,http://adsabs.harvard.edu/abs/2016MNRAS.459.2370T,177.31,-18.413,117489.75549395304,117.48975549395304,0.11748975549395303,1954.6241186776874,hi4pi,upper_limit,0.02,,hi4pi_unresolved_undetected,,,,1954.6241186776874,,,,
141,AquariusII,,,,,,,,20.16,0.07,0.07,-71.1,,,,,,,,,,,,,,,,,,,,,,,,,http://adsabs.harvard.edu/abs/2016MNRAS.463..712T,338.4813,-9.3274,107646.52136298349,107.64652136298349,0.10764652136298349,1739.2784604945975,hi4pi,upper_limit,0.0212,,hi4pi_unresolved_undetected,,,,1739.2784604945975,,,,
