id,GalaxyName,RA_hr,RA_min,RA_sec,Dec_deg,Dec_arcmin,Dec_arcsec,EB-V,m-M,m-M_err,vh(km/s),Vmag,Vmag_err,PA,e=1-b/a,muVo,rh('),rh_err_pos,rh_err_neg,vsig_s,vsig_err,vrot_s,vrot_s_err,MHI_mcconnachie,Data,Key,vsig_g,vsig_g_err,vrot_g,Notes,dist_kpc,MHI_computed,MHI_source,MHI_type,1sigma,notes/image/limit,r_ell_m1.2_rs15,ell_surf_dist_m1.2_rs15,r_ell_m1.0_rs20,ell_surf_dist_m1.0_rs20,r_ell_m1.5_rs15,ell_surf_dist_m1.5_rs15,r_ell_m1.0_rs25,ell_surf_dist_m1.0_rs25,r_ell_m1.0_rs15,ell_surf_dist_m1.0_rs15,r_ell_m1.5_rs20,ell_surf_dist_m1.5_rs20,r_ell_m1.5_rs25,ell_surf_dist_m1.5_rs25,r_ell_m1.2_rs25,ell_surf_dist_m1.2_rs25,r_ell_m1.2_rs20,ell_surf_dist_m1.2_rs20,mw_dist,m31_dist,r_per,r_per_err,r_apo,r_apo_err,rho_cgm_est,rho_cgm_est_err
2,SagittariusdSph,18,55,19.5,-30,32,43,0.153,17.1,0.15,140.0,3.6,0.3,102.0,0.64,25.2,342.0,12.0,12.0,11.4,0.7,0.0,0.0,0.0,x,u,0.0,0.0,0.0,"(I don’t understand where the limit in GP or Mateo is from, Spekkens has <7880 from GASS, K94 has <10000) SKIP THERE ARE DEEPER LIMITS FOR THE CORE",26.302679918953842,,,,,use lit.,488.0433965710975,-237.41414153784083,527.6215052325535,-198.53714573101234,453.9301710288874,-254.51502546265678,527.4686981132297,-187.21002945082336,527.8347075210104,-210.45902705045475,453.63724825056227,-249.94327071031157,453.4275769603614,-245.6461619646009,487.60281685075995,-223.35161333854958,487.7866582231998,-230.1623745574021,18.422410659855256,786.9893232008902,15.806114857444356,1.5842488963459,66.50062147981868,17.27142701244313,0.0005553247054122609,0.00021491064177837663
3,TucanaIII,23,56,36.0,-59,36,0,9.999,17.01,0.16,-102.0,14.6,0.4,999.9,9.99,99.9,6.0,0.8,0.6,0.1,99.9,99.9,99.9,99.9,x,u,99.9,99.9,999.9,"- Simon et al. 2017 V_hel = -102 km/s, velocity dispersion of 0.1 km/s, D=25 kpc",25.234807724805755,91.89114490090122,hi4pi,upper_limit,0.0203817,ok,486.38469340031827,-233.38252820611515,525.5732099910255,-195.4381391484115,452.4784487345969,-250.24084652144688,525.317566957143,-184.57826653140881,525.9298088285133,-206.9282811037519,451.9886725975877,-245.85207247619178,451.6379638216488,-241.7340174035358,485.64781735264563,-219.82908686660943,485.9553496702028,-226.3839186742353,23.286454074572276,783.8326858955157,2.29824383057094,0.3049003983441271,38.58967077344718,1.9038900578141555,3.1288143147396267e-07,1.2409424071329534e-07
4,DracoII,15,52,47.6,64,33,55,0.016,16.9,0.3,-347.0,14.0,0.8,70.0,0.24,99.9,2.7,1.0,0.8,2.9,99.9,99.9,99.9,99.9,x,u,99.9,99.9,999.9,"- Martin et al. 2016 V_hel -347 km/s, dispersion of 2.9 km/s, (9 stars)",23.988329190194897,70.60196425864088,hi4pi,upper_limit,0.0173294,ok,472.73223915267727,-237.8599267381426,511.9362339136448,-202.07409061330807,438.8240985092201,-254.06049092981752,511.6869919179863,-192.12373627983922,512.283903694919,-212.6298557535892,438.34450075901196,-250.16905205018594,438.0010772146529,-246.51343116395938,472.012242172767,-225.54594666322063,472.31273078351654,-231.49835462298202,26.199691455978144,770.261602688511,19.91479943224804,1.2200112059158732,142.52008346103443,51.12486278871898,6.2488059825693155e-06,2.55341021970315e-06
5,Segue(I),10,7,4.0,16,4,55,0.031,16.8,0.2,208.5,15.3,0.8,85.0,0.48,27.6,4.4,1.2,0.6,3.9,0.8,0.0,0.0,,gs,u,0.0,0.0,0.0,"148+18s.mir stdev (0.04K/9.1K/Jy)*5 = 0.02 Jy limit  (from standard sqrt(.74/9.6) would have expected something more like 0.02K, it looks like the scan artifacts have probably caused this, emphasizes importance of checking each.  yes the baseline is really nasty, but it also looks like a 0.2K would stick out easily)  Spekkens quotes 5.5 mJy (5 sigma) so hers is much deeper, all of them look like they would be much deeper…. in theory should reach the alfalfa level of 2 mJy (1 sigma) in some regions of DR1.   Ah but she is using 15 km/s smooth (and width).  I get a segue mass limit of 25 with 0.02*10*.236*23^2 so factor of 10 on GP.   Probably stick with my method and just footnote Spekkens limit in table or text  I DON’T KNOW I THINK WHEN DEEPER WITH HER PAPER JUST ADOPT THAT",22.90867652767775,,,upper_limit,0.017123,ok,491.9524018370414,-228.13743600894517,530.7735025239293,-189.81568851356016,458.2374091594594,-245.1372990726821,530.4194477591873,-178.84499104353807,531.2672700375175,-201.45140822639763,457.560915364871,-240.63987083624974,457.07634145665304,-236.42684772267435,490.9332344963387,-214.34910622704282,491.35864908923566,-221.0124112563748,27.892321264551324,787.9720949392585,19.90983057390808,4.751757950776495,60.68875172273894,33.75563248713807,1.6154477350464855e-05,6.644614857475107e-06
6,Reticulum2,3,35,42.1,-54,2,57,9.999,17.4,0.2,64.0,14.7,0.1,71.0,0.59,99.9,3.64,0.21,0.12,3.4,99.9,99.9,99.9,99.9,x,u,99.9,99.9,999.9,"- Walker et al., Koposov et al. (2015), V_hel=64 km/s, dispersion 3.2-3.6 km/s, D=30 kpc",30.19951720402013,132.74892698458365,hi4pi,upper_limit,0.0205588,ok,491.55190108965706,-224.9174748807066,529.948149714991,-187.2353829428034,458.0612474196025,-241.75014500850952,529.4815146068192,-176.57987627840177,530.5987564606451,-198.5762183195202,457.17057646614427,-237.37870835051223,456.5323296634465,-233.2889800554533,490.20936077735763,-211.47929554715344,490.7698636843048,-217.9667705910556,31.663735894087907,785.9287546746662,27.693032714900696,2.815109937028125,67.1598336658806,18.724025700307816,1.5040334044098345e-05,5.646079972910067e-06
7,CetusII,1,17,52.8,-17,25,12,9.999,17.38,0.19,999.9,17.4,0.7,999.9,9.99,99.9,1.9,1.0,0.5,99.9,99.9,99.9,99.9,99.9,x,u,99.9,99.9,999.9,NEW not seeing velocity ref for this one,29.922646366081892,126.78365080182249,hi4pi,upper_limit,0.02,no velocity,467.38672555518974,-236.62926638973883,506.2845901996631,-202.04773769634477,433.6462450479143,-252.47700705066165,505.95639704037245,-192.63059370929247,506.74230122357795,-212.07321196330994,433.01417772111,-248.8496518377999,432.5614338851028,-245.44328275624912,466.4382379700888,-224.99530218235037,466.8341449586674,-230.6138775720583,32.5407631749084,763.7548925235491,,,,,,
8,TriangulumII,2,13,17.4,36,10,42,0.081,17.4,0.1,-384.0,15.6,0.5,56.0,0.21,99.9,3.9,1.1,0.9,99.9,99.9,99.9,99.9,,gs,u,99.9,99.9,999.9,"36+34s.mir  Martin et al. v_hel = -384 km/s, disp controversial?  DOUBLE CHECK LIMIT from -650 to 650 km/s looks like GIZ is -80 to 30 km/s, not seeing anything in spectrum, stdev is pretty uniform 0.11K  (is the noise higher here because of the declination and stray, see what others have) (nice little group at 550-600 km/s)  (0.11K/9.1K/Jy) *5 = 0.06 Jy",30.19951720402013,,,upper_limit,0.03336,"check HI4PI, otherwise ok",451.151520968084,-249.57366775228988,490.7975303005352,-216.40080373309317,417.0118530018977,-264.9334458706251,490.66613072590957,-207.48871417119813,490.98086877549775,-225.853586976937,416.75680526153576,-261.6720385695234,416.57424984160684,-258.59368365392015,450.7702945583618,-238.7797982364856,450.9293668055972,-244.00111612237092,36.56220340940846,750.3912269210848,21.280128235407787,8.572186842834045,214.97295882901608,65.72925303048038,7.68404767286993e-06,3.226785936588063e-06
9,UrsaMajorII,8,51,30.0,63,7,48,0.094,17.5,0.3,-116.5,13.3,0.5,98.0,0.63,27.9,16.0,1.0,1.0,6.7,1.4,0.0,0.0,0.0,x,u,0.0,0.0,0.0,"130.0  60.0 CAR CAR_H07.fits stdev 0.02K, if back out is correct * 0.6 Jy/K = 0.012 Jy * 5 = 0.06 Jy for mass 0.06*10*.236*32^2 = 145 Msun  E 130.0 60.0 CAR CAR_D07.fit 0.05K  imstat gives a similar rms, back out gibes 0.05 K * 0.26 Jy/K = 0.013 Jy",31.622776601683793,2339.3027999999995,hi4pi,upper_limit,0.33041,"josh method, needs fixing by dividing by area in Amalia code",473.6121996974781,-228.26602455566754,511.64941499203746,-193.74286124403616,440.3290822394469,-244.1380292730075,511.09429927261993,-184.41711717985348,512.4231967674095,-203.71663767968707,439.264774992852,-240.49070884980318,438.50179100416375,-237.07545213035863,472.0114785100067,-216.63902068836435,472.67989712072125,-222.24556946535296,37.92701153489961,766.6608801849446,39.134221914193205,2.941524380223643,161.65933986599546,90.47086824605069,5.187280894638359e-05,2.1034550316507983e-05
10,BootesII,13,58,0.0,12,51,0,0.031,18.1,0.06,-117.0,15.4,0.9,145.0,0.21,28.1,4.2,1.4,1.4,10.5,7.4,99.9,99.9,,gs,u,0.0,0.0,0.0,212+10s.mir stdev 0.08K (rounded up),41.686938347033546,,,upper_limit,0.020185,"images missing, does have velocity",509.31410470264956,-216.9459086024515,547.4330379147643,-176.6919791524252,475.95347513291875,-234.5758634342373,546.8867818013644,-164.99359695388603,548.1945495086103,-189.13494443257295,474.91685857953064,-229.59554239133035,474.1738788678942,-224.94370005253063,507.7470751590579,-202.0145798656362,508.4013670819314,-209.22360203999315,39.481058729535306,802.559758356636,39.05150263975209,1.7903499608640863,818.7637477491533,476.8787570705926,3.776281957242331e-05,2.0986300564114455e-05
11,SegueII,2,19,16.0,20,10,31,0.185,17.7,0.1,-39.2,15.2,0.3,182.0,0.15,27.4,3.4,0.2,0.2,3.4,2.5,99.9,99.9,,gs,u,99.9,99.9,999.9,"36+18s.mir stdev 0.07K, could get lower with a USM here, get 0.18K in unsmoothed so I think would have expected 0.05K with factor above",34.673685045253166,,,upper_limit,0.019513,"images missing, does have velocity",451.3707444863056,-244.42132552940305,490.58653809440625,-211.77301572972536,417.46671087499914,-259.64571104685047,490.34413864963926,-203.12352962929882,490.92466021315096,-220.9835222739266,416.9968585088444,-256.4834562526298,416.66040387529125,-253.50334293205782,450.66794982037374,-233.91042243533457,450.9612620036662,-238.9888109896213,40.75497781339577,748.9807761554376,35.03780029402667,5.337452791978089,70.76685946829977,29.086451596132186,1.8190383955167824e-05,7.408103747912118e-06
12,Willman1,10,49,21.0,51,3,0,0.014,17.9,0.4,-12.3,15.2,0.7,77.0,0.47,26.1,2.3,0.4,0.4,4.3,2.3,99.9,99.9,0.0,x,u,0.0,0.0,0.0,,38.01893963205608,198.28331740886063,hi4pi,upper_limit,0.0193755,1/2 off cube. Check cube H09,487.3162123797779,-217.7728339625831,524.2999970272303,-182.34619425967304,454.57644983376093,-233.97188711668443,523.4612512626786,-172.72137974752403,525.4684145867019,-192.67797771282295,452.9797694230053,-230.0770351855507,451.8340518867811,-226.4431517461438,484.9062475239717,-205.59625799092052,485.91304568326706,-211.4595067297975,42.850896520395686,776.2304984992603,23.14109837225552,13.274875498875677,52.262167523494256,68.4380215570517,2.470583708299484e-05,1.4193077933325005e-05
13,ComaBerenices,12,26,59.0,23,54,15,0.017,18.2,0.2,98.1,14.1,0.5,115.0,0.38,27.3,6.0,0.6,0.6,4.6,0.8,0.0,0.0,,gs,u,0.0,0.0,0.0,"188+26s.mir stdev 0.04K so same limit of 0.02 Jy (towards edge, but looks clear, same with baseline but 0.2K source would be booming) 0.02*10*.236*44^2 = 100 Msun",43.65158322401656,,,upper_limit,0.0125446,ok for hi4pi value,509.04813961864403,-210.89011289072687,546.1312648126556,-172.00960719459803,476.22569859840223,-228.1596000497203,545.3074343547438,-160.9772931691084,547.2790297082815,-183.82128048257593,474.6664880069495,-223.45278051985312,473.54788811868286,-219.0679050482834,506.68798758178383,-196.7143307814599,507.6738865559113,-203.54472621622403,44.859187695166824,798.2429702735473,42.787761807819805,1.717747299918837,142.96476589847185,76.55866613902438,2.7987264330545626e-05,1.2024882682725279e-05
14,TucanaIV,0,2,55.2,-60,51,0,9.999,18.41,0.19,999.9,14.9,0.3,11.0,0.4,99.9,9.1,1.7,1.4,99.9,99.9,99.9,99.9,99.9,x,u,99.9,99.9,999.9,- not seeing anything for this one,48.08393484497285,163.69418714443208,hi4pi,upper_limit,0.01,no velocity,501.9820645712286,-210.99674799718292,538.5996832238012,-173.75626561378016,469.41227150476664,-227.77885288719844,537.6552672433777,-163.42293540605655,539.9150634382396,-184.85209375362797,467.62363900934395,-223.44237257460992,466.33985280807605,-219.404510709565,499.2755126636864,-197.7588042525484,500.4063621643551,-204.1314712393986,45.56770474070074,789.3892806591396,,,,,,
15,BootesIII,13,57,12.0,26,48,0,0.021,18.35,0.1,197.5,12.6,0.5,90.0,0.5,31.3,99.99,9.99,9.99,14.0,3.2,99.9,99.9,99.9,x,u,99.9,99.9,999.9,212+26s.mir stdev 0.04K again so 0.02 Jy,46.77351412871986,17.091379999999997,galfa,upper_limit,0.0379234,"pull hi4pi value, missing rh - huge, prob part of styx stream (Carlin & Sand 2018), quote core limit",507.8437356779723,-210.0012818356697,544.6720945191166,-171.611720473565,475.15530841728133,-227.13129025653782,543.7806484766788,-160.7988460608543,545.9138715946824,-183.20494618150136,473.4687189603368,-222.53043171233662,472.25844722929884,-218.24630800213694,505.29032063748355,-196.10237518819707,506.3570729962749,-202.79632377749883,45.78898889152397,796.0456457642614,,,,,,
16,GrusII,22,4,4.8,-46,26,24,9.999,18.62,0.21,999.9,14.7,0.2,999.9,9.99,99.9,6.0,0.9,0.5,99.9,99.9,99.9,99.9,99.9,x,u,99.9,99.9,999.9,- not seeing one,52.966344389165805,397.24940313396297,hi4pi,upper_limit,0.02,no velocity,498.93591782187525,-209.58468967621442,535.0195903060973,-173.3595327302646,466.6504508282857,-226.0686277894703,533.9348456894209,-163.46571528742547,536.5299255485074,-184.01004724891965,464.59730251960406,-221.95732236644264,463.12290770783886,-218.13163358565777,495.8281375870147,-196.92378995398334,497.1269464183581,-203.01384280322793,48.36965635432141,784.2695078691785,,,,,,
17,LMC,5,23,34.5,-69,45,22,0.9259999999999999,18.52,0.09,262.2,0.4,0.1,999.9,9.99,99.9,99.99,9.99,9.99,20.2,0.5,49.8,15.9,460.0,x,u,15.8,0.2,63.0,,50.58246620031137,460000000.0,various,detected_mass,,,518.3924410001853,-206.06620627020754,555.1790764880953,-166.01482808028254,485.71051069348636,-223.70952033756743,554.2706603057164,-154.5297699131931,556.4444934465547,-178.3204092541193,483.99674790205444,-218.7160881608508,482.76699954397634,-214.0691128599935,515.7942130422997,-191.2023366660102,516.8796820656155,-198.36273572238628,50.2122315156281,806.377038985792,,,,,,
18,TucanaV,23,37,24.0,-63,16,12,9.999,18.71,0.34,999.9,17.1,0.5,30.0,0.7,99.9,1.0,0.3,0.3,99.9,99.9,99.9,99.9,99.9,x,u,99.9,99.9,999.9,"- not seeing one, Conn et al. 2018 says chance could be grouping of stars assoc with SMC",55.20774392807573,388.42373747819016,hi4pi,upper_limit,0.018,no velocity,510.9640263712669,-203.9775859525115,546.7162788955363,-166.28360954652806,478.82875317194623,-220.9354491726741,545.5344580713181,-155.8219255402607,548.361513805349,-177.55123047058197,476.6009639336053,-216.46397080700248,475.00080596795004,-212.3093969960655,507.5851237094519,-190.4545438427641,508.9973994037385,-196.95775079632952,52.05265391508569,794.9159297243599,,,,,,
19,Tucana2,22,51,55.1,-58,34,8,9.999,18.8,0.2,-129.0,15.0,0.1,107.0,0.39,99.9,9.83,1.66,1.11,8.5,99.9,99.9,99.9,99.9,x,u,99.9,99.9,999.9,"- Walker et al. 2016, v_hel= -129 km/s, disp ~ 8.5 km/s",57.54399373371572,2753.27315460962,hi4pi,upper_limit,0.11744,"josh method, needs fixing",509.9844940675367,-202.70689215068597,545.3414813016832,-165.5701628461876,478.0560073278147,-219.5040088608864,544.0544386095467,-155.3528356441391,547.1327733156213,-176.59173420939032,475.63179121566714,-215.15419896949405,473.88991248726387,-211.11492503246086,506.3062170949318,-189.4993350749763,507.84389224159503,-195.84751464451287,53.72355915842536,792.3837319452169,43.138624661727484,15.365301683485598,305.21824079928297,220.97794343988406,6.884411343621464e-05,2.8896520450539733e-05
20,SagittariusII,19,52,40.5,-22,4,5,0.09699999999999999,19.13,0.15,999.9,13.9,0.4,72.0,0.23,99.9,2.0,0.4,0.3,99.9,99.9,99.9,99.9,99.9,x,u,99.9,99.9,999.9,"- not seeing anything,Laevens et al. 2015 discovery paper makes it sound like it could be a weird one again",66.98846094165259,635.4234721453141,hi4pi,upper_limit,0.02,no velocity,507.23537332564405,-198.75027687181256,541.2465792982584,-163.3031896803639,476.01167043484384,-215.05194207819557,539.6018161288623,-153.81470700605087,543.5338902031614,-173.58424310658893,472.9225780588667,-211.0756831294422,470.7002209661237,-207.3889114325156,502.5415536766161,-186.5025953065484,504.50494456093054,-192.3805176544336,59.89860112013722,784.3329275575228,,,,,,
21,SMC,0,52,44.8,-72,49,43,0.419,19.03,0.12,145.6,2.2,0.2,999.9,9.99,99.9,99.99,9.99,9.99,27.6,0.5,0.0,0.0,460.0,x,u,22.0,2.0,60.0,,63.97348354826482,460000000.0,various,detected_mass,,,525.959487713086,-194.44756258596107,560.653170340052,-155.55684141064987,494.3382857334716,-211.82008025494335,559.1742655838469,-144.68147877709046,562.7108118728773,-167.30854815169374,491.56844792775513,-207.0305744401987,489.57730748217926,-202.59225231991633,521.7450837914357,-180.20182110873296,523.5072963154569,-187.04508396833742,61.333354576129175,805.607067992646,,,,,,
22,Bootes(I),14,0,6.0,14,30,0,0.017,19.11,0.08,99.0,12.8,0.2,14.0,0.39,27.5,12.6,1.0,1.0,2.4,0.9,99.9,99.9,,gs,u,0.0,0.0,0.0,212+10s.mir (at edge)  stdev 0.08K (0.073-0.075),66.37430704019089,,,upper_limit,0.024946,"images missing, does have velocity",534.3545436812938,-192.89991956745445,569.4603320020061,-152.2112855071895,502.50544705052505,-210.81657382144962,568.0862849039468,-140.59740965024554,571.3725952499881,-164.73957095133258,499.9343920539413,-205.6102609931273,498.08693174730655,-200.78413459913438,530.4408362997133,-177.6152743058675,532.0769848759306,-184.96270715622242,63.96114037127117,815.5810026974414,43.599488789519896,8.42826709929159,107.87237371114794,31.847133245135108,8.284068074764607e-06,3.3081351215353443e-06
23,Draco,17,20,12.4,57,54,55,0.027000000000000003,19.4,0.17,-291.0,10.6,0.2,89.0,0.31,25.0,10.0,0.3,0.3,9.1,1.2,0.0,0.0,0.0,x,u,0.0,0.0,0.0,,75.85775750291836,8617.974944100957,hi4pi,upper_limit,0.21153,"josh method, needs fixing",481.4417438836586,-201.14953518233605,513.3367202800445,-170.7421704241903,451.4132652626833,-215.8470949754241,511.16367606133065,-163.26095931980888,516.3543964400241,-178.89344314915357,447.3287123161795,-213.06445837722856,444.38361235755684,-210.4770782521259,475.2373681605931,-191.81663193669013,477.8353898816388,-196.28926835352354,75.87964874634542,750.4493783402327,33.73564888083108,6.615223008673317,105.75545605138751,11.923983804204028,0.0004888433783375287,0.00020221714814746758
24,UrsaMinor,15,9,8.5,67,13,21,0.032,19.4,0.1,-246.9,10.6,0.5,53.0,0.56,26.0,8.2,1.2,1.2,9.5,1.2,0.0,0.0,0.0,x,u,0.0,0.0,0.0,,75.85775750291836,598.5852364615366,hi4pi,upper_limit,0.0146924,ok,488.10855682258824,-196.79757144943787,519.2116647108929,-166.1555598655853,458.47178164909167,-211.58751241460385,516.8200415624748,-158.60334504598376,522.5314047650352,-174.39577734174694,453.99415377994023,-208.73631432055745,450.76359536981346,-206.08976580118141,481.2938782606312,-187.31986693450307,484.1483624233223,-191.858997141413,77.80762889486151,753.8764924476371,34.74433156049419,5.352826307670459,94.461922223816,5.589407395039321,0.000565738344372854,0.0002321444291593086
25,HorologiumII,3,16,32.1,-50,1,5,9.999,19.46,0.2,999.9,16.9,0.2,127.0,0.52,99.9,2.09,0.44,0.41,99.9,99.9,99.9,99.9,99.9,x,u,99.9,99.9,999.9,"- no seeing, Kim & Jerjen 2015 discovery paper",77.98301105232593,775.0072456295995,hi4pi,upper_limit,0.018,no velocity,531.8492550378378,-178.6705619058494,561.8781116447688,-143.30549918128852,502.5891003681927,-195.04503440366457,559.1290608382054,-133.9892619975032,565.6926873704159,-153.49230385255572,497.50811667404594,-191.00956119905396,493.84113627687464,-187.29156834336402,524.0680846914579,-166.4112650067871,527.3280495696232,-172.2746939676936,79.05874934151106,792.6584399496238,,,,,,
26,Horologium1,2,55,31.7,-54,7,8,9.999,19.5,0.2,113.0,16.1,0.1,999.9,9.99,99.9,1.31,0.19,0.14,5.0,99.9,99.9,99.9,99.9,x,u,99.9,99.9,999.9,"- Koposov et al. 2015 v_hel = 113 km/s, disp 5 km/s, D=79 kpc",79.43282347242814,764.3207540811753,hi4pi,upper_limit,0.0171097,ok,535.1275272299225,-177.37414606874964,565.1204391406384,-141.59519408061183,505.872512845455,-193.88489729154202,562.3563993291322,-132.1229598841883,568.9558206247406,-151.95395874280325,500.76773915801436,-189.74620630343642,497.0836496662501,-185.93449504804104,527.3070471373646,-164.87071868908933,530.5834654162505,-170.85061086546546,79.77741874913639,795.7437011036748,79.20101156726514,15.326278455180788,289.5983607145261,237.86492302437279,4.427093099171024e-05,2.109362296337259e-05
27,Eridanus3,2,22,45.5,-52,17,1,9.999,19.7,0.2,999.9,17.7,0.3,83.0,0.27,99.9,0.54,0.5,0.1,99.9,99.9,99.9,99.9,99.9,x,u,99.9,99.9,999.9,"- not seeing, Conn et al. says maybe star cluster",87.09635899560806,1074.145846241324,hi4pi,upper_limit,0.02,no velocity,539.8026608289753,-171.17909378195827,567.7800921868201,-136.45303516280023,511.54787299013594,-187.38662103976196,564.4604054649398,-127.43678584467477,572.3812631712254,-146.34872711270316,505.4537247674741,-183.47544279287607,501.04852965962255,-179.88037716848197,530.4391751766509,-159.2706870477359,534.3652095212582,-164.95798032036234,87.18903225680621,792.0960090281561,,,,,,
28,Phoenix2,23,39,59.4,-54,24,22,9.999,19.6,0.2,999.9,16.8,0.2,164.0,0.47,99.9,1.09,0.26,0.16,99.9,99.9,99.9,99.9,99.9,x,u,99.9,99.9,999.9,- not seeing,83.17637711026715,832.6877565980333,hi4pi,upper_limit,0.017,no velocity,532.2302724718535,-177.7990701898238,561.9482741113184,-142.6437922071051,503.12664189560826,-194.11165444334674,559.1143953980342,-133.41657972332288,565.8798542438806,-152.73916143989163,497.8934432428797,-190.1226826126397,494.11563754920144,-186.44857190878386,524.2125905341031,-165.65916190724556,527.572073592922,-171.46418260250044,80.19925249755157,791.7685500550291,,,,,,
29,Sculptor,1,0,9.4,-33,42,33,0.018000000000000002,19.67,0.14,111.4,8.6,0.5,99.0,0.32,23.5,11.3,1.6,1.6,9.2,1.4,0.0,0.0,0.0,x,u,0.0,0.0,0.0,,85.90135215053961,,,upper_limit,0.0615595,I want to put this as an upper limit for the core.  MC had 0.22 in MHI column,504.03889954676634,-185.31921573618726,532.6004316649309,-154.57686764531903,475.6588618890484,-200.18484243725447,529.5073548175436,-147.0405357638006,536.887715442001,-162.8345983933111,469.93016636030944,-197.27595259775708,465.7886627094012,-194.5865215132317,495.27411089443785,-175.75898861979152,498.9491631342822,-180.3294320395455,86.11874901914614,759.3339028946015,58.47243405172812,6.055648928021583,124.98482576511157,13.88116467090266,0.0007207947578439045,0.0002883045927171468
30,Sextans(I),10,13,3.0,-1,36,53,0.047,19.67,0.1,224.2,10.4,0.5,56.0,0.35,27.1,27.8,1.2,1.2,7.9,1.3,0.0,0.0,0.0,x,u,0.0,0.0,0.0,(too south for g),85.90135215053961,30163.37615055954,hi4pi,upper_limit,0.57736,"josh method, needs fixing",566.807825482454,-169.20462968537842,598.3841093500195,-127.1915517275192,536.6479290002965,-187.67318297844258,596.0092565417996,-115.27758070729293,601.6830721949308,-140.19350597213673,532.2723287897455,-182.0358275497062,529.1198489953158,-176.84511725841315,560.096928749141,-153.0554876507282,562.9061843745112,-160.78965611728637,89.07160071556763,833.487105184919,75.57100774761308,7.685033885914032,293.48041234319464,120.69283902521653,0.00046871166559592844,0.0001883585933488862
31,ReticulumIII,3,45,26.4,-60,27,0,9.999,19.81,0.31,999.9,16.5,0.3,999.9,9.99,99.9,2.4,0.9,0.8,99.9,99.9,99.9,99.9,99.9,x,u,99.9,99.9,999.9,- not seeing,91.62204901219992,1010.3740397747455,hi4pi,upper_limit,0.017,no velocity,559.0133476364877,-164.11171385233018,587.0948417716938,-126.70783956900695,530.6193183884919,-181.19888631513737,583.7681636404387,-116.68409824793967,591.70669077015,-137.71641676134686,524.5323529110996,-176.619769753025,520.1340681217654,-172.4180579859944,549.6463090243134,-150.622596872758,553.5731480113213,-157.06390216107272,91.72257344118752,811.4254646497477,,,,,,
32,Indus1,21,8,49.1,-51,9,56,9.999,20.0,0.2,999.9,16.5,0.2,999.9,9.99,99.9,1.26,0.45,0.27,99.9,99.9,99.9,99.9,99.9,x,u,99.9,99.9,999.9,-,100.0,1416.0000000000002,hi4pi,upper_limit,0.02,no velocity,559.4342777724388,-161.98957852764912,586.5360737218159,-125.38332871191349,531.5264148463107,-178.83695002350035,582.939323241562,-115.68819464585616,591.5195741244476,-136.0473968409405,524.9613991286211,-174.43979200862495,520.2139935254593,-170.40838188609203,549.3196497472684,-148.9592594135269,553.5615534422018,-155.17739700013144,94.16089673335482,807.7773422819871,,,,,,
33,UrsaMajor(I),10,34,52.8,51,55,12,0.02,19.93,0.1,-55.3,14.4,0.3,71.0,0.8,27.7,11.3,1.7,1.7,7.6,1.0,99.9,99.9,0.0,x,u,0.0,0.0,0.0,,96.82778562612486,74927.06415228693,hi4pi,upper_limit,1.12877,"josh method, needs fixing",537.7985292014207,-164.24761320337697,561.601617012047,-132.89075640324077,511.6656614554205,-179.39346262935268,557.1539267089222,-125.21589448119596,567.7511061636277,-141.3599690833899,503.584092009017,-176.27399618502494,497.72207651012917,-173.41063861920023,525.3197575334823,-154.2859842579108,530.5611051083192,-159.03355815514368,101.58851861732725,772.8009981396225,101.70270789064665,7.332780160012754,580.8404027695765,303.3207359711373,8.495206101255434e-05,4.87197593272238e-05
34,Grus1,22,56,42.4,-50,9,48,9.999,20.4,0.2,-141.0,17.0,0.3,4.0,0.41,99.9,1.77,0.85,0.39,99.9,99.9,99.9,99.9,99.9,x,u,99.9,99.9,999.9,Walker et al. (2016) v_hel = -140.5 km/s,120.22644346174131,2165.8529076975533,hi4pi,upper_limit,0.0211639,ok,578.951710581285,-142.93368046847988,598.8816677901023,-109.54840681039722,554.478676878257,-158.8297555827094,593.259948652039,-101.20389544194728,606.640932002776,-118.81319285695612,544.4223991934857,-155.1471533681728,537.1126833227893,-151.79060946249595,563.3088746892587,-131.73932803033975,569.8866687882586,-137.06002333470641,116.39050010072208,796.5269213481645,115.45449629157818,17.77729115789058,972.6020445833433,428.30776138023873,9.245404902094746e-06,5.987421299082439e-06
35,Pictoris1,4,43,47.4,-50,16,59,9.999,20.3,0.2,999.9,17.2,0.3,78.0,0.47,99.9,0.88,0.27,0.13,99.9,99.9,99.9,99.9,99.9,x,u,99.9,99.9,999.9,- not seeing,114.8153621496884,1866.6515417958767,hi4pi,upper_limit,0.02,no velocity,592.8406526557081,-139.54336275642768,614.2905058598473,-103.25776122881615,567.5344078928026,-156.39802386736426,609.0525306037276,-93.82927474384248,621.5274645571483,-113.7230432472366,558.1481033682751,-151.99051112611644,551.3351556298265,-147.97640971763724,578.2523760904526,-126.63722811211288,584.3823207884624,-132.7734895920737,116.56516101783974,816.6471721683197,,,,,,
36,Carina,6,41,36.7,-50,57,58,0.061,20.11,0.13,222.9,11.0,0.5,65.0,0.33,25.5,8.2,1.2,1.2,6.6,1.2,0.0,0.0,0.0,x,u,0.0,0.0,0.0,,105.19618738232236,1127.8098307322118,hi4pi,upper_limit,0.0143947,ok,589.20030864386,-149.79706443215252,616.083342377204,-109.16133954759708,561.2651435701241,-167.97066446673668,612.3698970114741,-97.9771804737031,621.2291692133028,-121.4951410391569,554.5237060501,-162.55561188105807,549.6501910534195,-157.60206356389338,578.7871816621496,-134.37243764320914,583.1537449490088,-141.72970426747256,107.09497988727755,836.1454815567728,93.96790121084375,14.75731435867362,131.4615600410208,36.32178305713472,0.0005983279646925694,0.00024867563330236515
37,Hercules,16,31,2.0,12,47,30,0.063,20.6,0.2,45.2,14.0,0.3,102.0,0.68,27.2,8.6,1.8,1.1,3.7,0.9,99.9,99.9,,gs,u,0.0,0.0,0.0,244+10s  stdev 0.08K,131.82567385564076,,,upper_limit,0.0124405,"images missing, does have velocity",609.1093424839978,-129.84145316820184,628.1741309760791,-93.42878956919391,584.8558895691767,-146.7831339120815,622.2242461944832,-84.00938471657089,636.3855183534118,-103.9208785205475,574.272512442379,-142.30737340847003,566.5799400646031,-138.24227771322546,592.6034134681958,-116.8343848118902,599.5443012976142,-123.00964928758833,126.1418515303427,822.2244501894286,47.96656351699391,28.74138341268553,302.97003709754824,136.04828010738953,1.3093075424429861e-05,6.858606646797388e-06
38,HydraII,12,21,42.1,-31,59,7,0.053,20.64,0.16,303.1,15.8,0.3,28.0,0.01,99.9,1.7,0.3,0.2,99.9,99.9,99.9,99.9,99.9,x,u,99.9,99.9,999.9,,134.2764961137864,2558.6132897298457,hi4pi,upper_limit,0.0200434,ok,615.7243232734716,-177.89091850515388,654.3564253104659,-111.90076148386856,582.0379214376119,-202.65491659837838,653.9245702458945,-89.75447772579716,654.9586988301024,-135.76633672185287,581.2370634286297,-192.10895232683296,580.6634567251336,-182.1625176296746,614.4998805638154,-148.35669310064242,615.0109675520034,-162.75597044866677,131.50957037658088,910.7568900760975,128.08541766663103,28.18231910291812,1735.9602164394971,1106.0009461626034,7.902958997099986e-06,6.590651818543013e-06
39,Fornax,2,39,59.3,-34,26,57,0.021,20.84,0.18,55.3,7.4,0.3,41.0,0.3,23.3,16.6,1.2,1.2,11.7,0.9,0.0,0.0,0.0,x,u,0.0,0.0,0.0,,147.23125024327194,,,upper_limit,0.0248619,"keep as limit at core, MC had 0.17",598.6021359484965,-123.36152551368627,607.3872457194415,-95.3663463167871,579.4166461463002,-137.50707757926295,598.6097776174336,-89.0979581529687,619.4302389503745,-102.38584247964606,564.1532333392378,-135.11436144039357,552.9754312856104,-132.94048621792567,574.5448430227776,-115.29005686993641,584.7009694698174,-119.11208507183264,149.40381092937437,766.0602826549687,104.32807071005156,30.19563324456153,180.44804016177312,57.60693064715228,0.001704255166270869,0.000774358170786686
40,LeoIV,11,32,57.0,0,32,0,0.026000000000000002,20.94,0.09,132.3,15.1,0.4,121.0,0.49,27.5,4.6,0.8,0.8,3.3,1.7,99.9,99.9,,gs,u,0.0,0.0,0.0,172+2  stdev 0.095K noisier region getting into galactic,154.17004529495617,,,upper_limit,0.018579,"images missing, does have velocity",662.1651991951754,-113.36601620836085,686.048291088421,-64.36241806905929,635.3420492366363,-134.37621336187286,681.3463697168129,-50.33213466091275,692.5574975640526,-80.08620033855082,626.9433788816704,-126.74310721071755,620.8653137486264,-119.8040964308246,649.0925118613965,-92.86451434673755,654.5776762421042,-102.60890146381993,154.8307908237556,895.1866270605733,148.7777066945814,24.757811538891744,1963.6737090158786,1218.8734728180395,7.763469994758829e-06,9.568685799344375e-06
41,CanesVenaticiII,12,57,10.0,34,19,15,0.01,21.02,0.06,-128.9,16.1,0.5,177.0,0.52,26.1,1.6,0.3,0.3,4.6,1.0,99.9,99.9,0.0,x,u,0.0,0.0,0.0,196+34 stdev 0.076K,159.9558028614668,474.21009000000004,hi4pi,upper_limit,0.01308899,"images missing, does have velocity",667.5679355954912,-95.64168799071818,676.3889018529711,-60.281151608982505,647.7379373642543,-112.3891682105809,667.3350680577008,-51.433045363070185,688.8266074327263,-70.25301568857218,632.0632482408296,-108.05431874225432,620.6067998497452,-104.15477434027869,642.8149228260039,-83.17272461008452,653.2549661401735,-89.06144273642914,160.59157403189548,833.1509980872378,147.2820897855479,36.483757212413536,952.9887602789777,562.68294208688,2.832852199623396e-05,2.295350554477729e-05
42,LeoV,11,31,9.6,2,13,12,0.027000000000000003,21.25,0.12,173.3,16.0,0.4,96.0,0.5,27.1,2.6,0.6,0.6,3.7,2.3,99.9,99.9,0.0,x,u,0.0,0.0,0.0,172+2 stdev 0.08K rounding up,177.82794100389228,28.00471,hi4pi,upper_limit,0.020724623,ok,700.409561733066,-89.61048504756617,719.2567653515704,-40.21401549114015,675.7293419738489,-110.94411217855081,713.010251183108,-26.29524708701125,727.8855450726247,-55.98089500147127,664.7238635982261,-103.04908510318214,656.7374577074675,-95.92043001037555,683.1693951013242,-68.75528383416919,690.4136701590302,-78.6256019484397,178.6330425684978,910.71614150683,167.17424919741254,22.779145906557915,2091.2501801285325,1160.092465993198,8.188543796166002e-06,9.328581323291973e-06
43,PiscesII,22,58,31.0,5,57,9,0.065,21.3,9.99,-227.0,16.3,0.5,77.0,0.4,25.7,1.1,0.1,0.1,5.4,99.9,99.9,99.9,99.9,x,u,99.9,99.9,999.9,"348+2s.mir - Kirby et al. (2015) -226.5 km/s, dis = 5.4 km/s 0.04K except about 30 km/s to -80 (nasty baseline, mag st through region, clear at position, but interesting that diffuse elevated)",181.97008586099827,321.42495,galfa,upper_limit,0.0374291,,467.6435227634078,-173.5586575286933,479.9266418289156,-154.777470806117,448.1930853049331,-184.29949387732057,472.7403142704,-151.68270202282173,489.7805025307275,-158.2023129067969,435.4173430947688,-184.25079770485652,426.0426488500605,-184.15630611063807,447.70254367717996,-170.8134343680747,456.12715055729683,-172.13160912747816,181.09930613492924,655.8643249630317,181.38600403801848,20.877344806884775,2751.8126738080337,1562.454856683106,1.4329137390878322e-05,2.079970384073588e-05
44,ColumbaI,5,31,26.4,-28,1,48,9.999,21.3,0.22,999.9,16.8,0.2,999.9,9.99,99.9,1.9,0.5,0.4,99.9,99.9,99.9,99.9,99.9,x,u,99.9,99.9,999.9,- not velocity,181.97008586099827,5157.698348212833,hi4pi,upper_limit,0.022,no velocity,705.2779206995317,-73.262154278947,703.3654086387235,-41.73053633254155,690.0811243431345,-88.78879115115015,691.0574836821703,-34.35522194292512,720.1922723842067,-50.098477586827535,669.2626498148426,-85.37066116880726,653.9627128550887,-82.3147228690858,672.0560744570338,-63.02459170522409,686.1105431121636,-67.84182745701958,186.61959617597867,818.5654324067178,,,,,,
45,Pegasus3,22,24,22.6,5,25,12,9.999,21.56,0.2,999.9,17.5,0.5,133.0,0.46,99.9,1.3,0.5,0.4,99.9,99.9,99.9,99.9,,g,unv,99.9,99.9,999.9,340+2s.mir - not seeing  ~0.06K void 30 to -60 km/s about,205.11621788255627,,,upper_limit,0.05,no velocity,518.616814914208,-146.87726364970595,520.526973738835,-128.8908234357123,503.90147758940793,-157.36425180157278,510.36990595617317,-126.10861927151512,534.3807448878238,-131.99123450080583,486.4679524765672,-157.4733624742852,473.60251437157297,-157.5279036357508,490.96486237117654,-144.55032800848517,502.685150080562,-145.6643970856569,203.14387726241037,657.3812407659716,,,,,,
46,IndusI?,20,38,52.8,-46,9,36,9.999,21.65,0.16,999.9,17.4,0.2,999.9,9.99,99.9,2.9,1.1,1.0,99.9,99.9,99.9,99.9,99.9,x,u,99.9,99.9,999.9,- not seeing,213.79620895022325,6148.750326699301,hi4pi,upper_limit,0.019,no velocity,758.0379928355688,-49.142154189580964,752.4778231843815,-14.780181323110982,743.9768789316594,-65.73466354328018,738.8495675377429,-6.490690889222937,771.0964877711973,-24.24712805789055,721.1024110972727,-61.50906539928667,704.2824401370593,-57.7535501978651,721.4113724354187,-37.171162180441854,736.9119395305903,-42.78869464886254,207.2955948970433,851.770514744259,,,,,,
47,CanesVenatici(I),13,28,3.5,33,33,21,0.013999999999999999,21.69,0.1,30.9,13.1,0.2,70.0,0.39,27.1,8.9,0.4,0.4,7.6,0.4,99.9,99.9,,gs,u,0.0,0.0,0.0,"204+34 0.06K would benefit from unsharp mask as close to Galactic, baselines generally look quite good, but can see Josh’s point on velocity on-off on this one as baseline going up and down with position",217.7709772353159,,,upper_limit,0.0153018,"images missing, does have velocity",779.9729066737273,-38.68696822205098,771.7377891055233,-4.039554178972787,766.8955190843136,-55.417742976617234,757.2126309265124,-4.309842399682532,791.5653808485586,-13.601353689073047,742.6366379590245,-51.08513812414462,724.7839431193194,-47.24416428760327,741.0447624038276,-26.524470504626354,757.5273264881754,-32.224505601487806,217.53232192670862,859.6165859273929,126.55986771340122,54.48801221199192,386.14368069880845,164.98262623827426,0.00010299878382757319,4.935139705042325e-05
48,LeoII,11,13,28.8,22,9,6,0.017,21.84,0.13,78.0,12.0,0.3,12.0,0.13,24.2,2.6,0.6,0.6,6.6,0.7,99.9,99.9,0.0,x,u,0.0,0.0,0.0,172+18  0.08K towards edge of the cube,233.34580622810043,893.58639,hi4pi,upper_limit,0.01158971,ok,820.2628169643469,-20.29542047276697,811.6755201895955,-18.53765802096279,806.958443050149,-38.554070674799554,796.8547837809582,-28.265684811191804,831.9198325346331,-7.3286733305173515,782.2227272648668,-33.044065846939596,764.0357276553161,-28.175891545402084,780.558300361692,-5.568306765806787,797.3618926635742,-12.45688519741088,235.93366939357324,897.2215213955777,150.39648852481258,77.31952607756102,347.39241821422917,201.33928830514714,0.0005073352749381928,0.0003180448253063831
49,LeoI,10,8,28.1,12,18,23,0.036000000000000004,22.02,0.13,282.5,10.0,0.3,79.0,0.21,22.6,3.4,0.3,0.3,9.2,1.4,0.0,0.0,,gs,u,0.0,0.0,0.0,156+10  0.09K towards edge,253.5128630497907,,,upper_limit,0.031631,check HI4PI,863.5569254270998,0.42722529577405316,850.7394370013179,40.59748342514134,851.6978695132211,18.391587987826707,834.4395765446055,-50.68889261040834,872.980833026245,28.900435649796314,824.6796350390917,-12.442352050344983,804.7945914582357,-7.209545821812446,820.0587896420113,-16.015200766611308,838.4789207570137,-8.742536323569807,257.39408344397714,917.8041500605676,108.16208220236015,62.161679196757056,621.1445226920938,159.27767607503407,0.0004322811924676003,0.0002116189174835311
50,#Andromeda,0,42,44.3,41,16,9,0.684,24.47,0.07,-300.0,99.9,9.9,999.9,9.99,99.9,99.99,9.99,9.99,99.9,99.9,99.9,99.9,99.9,x,u,99.9,99.9,99.9,,,,,,,,305.59457140114915,-295.89093755792817,265.43922400856155,-295.34050534640625,340.0134385045885,-295.42783554202975,265.4392224104624,-294.4383334103054,265.4392262390636,-296.2574520403101,340.0134364474118,-294.2580615851731,340.01343497572003,-293.09675563376294,305.5945677002532,-293.83780074179003,305.59456924412535,-294.8586767631885,787.4587084604696,4.429646594539807,,,,,,
51,M32,0,42,41.8,40,51,55,0.154,24.53,0.21,-199.0,8.1,0.1,159.0,0.25,11.1,0.47,0.05,0.05,92.0,5.0,55.0,3.0,0.0,x,u,0.0,0.0,0.0,,805.3784411990677,176702.82413085186,hi4pi,upper_limit,0.0384778,ok,327.87362136045255,-286.5125398155905,287.69620851395456,-285.6091531307788,362.27321672927945,-285.8565641253553,287.66778978857997,-284.25971676466884,287.7358684596097,-287.01846267197266,362.2360030830474,-284.13564834641727,362.2093783203734,-282.4714522619377,327.80713408617197,-283.4687090254116,327.8348716712981,-284.9617244498051,809.3926515062443,26.96192681629513,,,,,,
52,AndromedaIX,0,52,53.0,43,11,45,0.075,24.42,0.07,-209.4,16.3,1.1,999.9,9.99,28.0,2.5,0.1,0.1,10.9,2.0,99.9,99.9,0.0,x,u,0.0,0.0,0.0,,765.5966069112569,55334.62428808137,hi4pi,upper_limit,0.0133341,ok,303.18338675809275,-263.2293190086226,262.31833630110884,-263.0020733498019,336.6246226004056,-262.99722051657045,261.0878480141933,-262.5738870242738,264.02616829110343,-263.4129390412987,335.0435185658594,-262.4222505256471,333.90781255118304,-261.822825399492,300.3382234756726,-262.23650648617877,301.5283803983275,-262.74345011825585,769.9102065544594,38.6579818764123,,,,,,
53,NGC205,0,40,22.1,41,41,7,0.085,24.58,0.07,-246.0,8.1,0.1,28.0,0.43,19.2,2.46,0.1,0.1,35.0,5.0,11.0,5.0,0.4,x,u,16.1,99.9,0.0,,824.1381150130012,400000.0,various,detected_mass,,"Young & Lo 1997, seems solid, though they do say there could be residual M31 contamination",347.0572822159851,-279.8786103671727,306.84490567371506,-278.61315125160115,381.4357633448854,-279.0616042102656,306.77968960614356,-276.8390973378743,306.9359060028069,-280.488049681391,381.349255782645,-276.82454335581804,381.2873567545543,-274.687145418056,346.9035354095027,-275.90197278130114,346.96768097436023,-277.8405504172531,828.1245265842052,45.933996276145095,,,,,,
54,AndromedaI,0,45,39.8,38,2,28,0.053,24.36,0.07,-376.3,12.5,0.1,22.0,0.22,24.7,3.1,0.3,0.3,10.2,1.9,99.9,99.9,0.0,x,u,0.0,0.0,0.0,,744.7319739059889,75490.19896782096,hi4pi,upper_limit,0.0192246,ok,289.3244099028203,-259.9000737484864,248.35476008480907,-259.89197610607494,322.17095052640104,-259.8878629083305,246.54263396715297,-259.8367493853149,250.86210018041695,-259.89152575290655,319.867699485256,-259.79435016503004,318.2097384772321,-259.6337715168337,285.1623603940926,-259.75681159583337,286.9059482547284,-259.8591615726002,748.7238656759272,55.41448211268955,,,,,,
55,AndromedaXVII,0,37,7.0,44,19,20,0.07400000000000001,24.31,0.11,-251.6,15.8,0.4,122.0,0.27,25.7,1.24,0.08,0.08,2.9,2.2,99.9,99.9,0.0,x,u,0.0,0.0,0.0,,727.7798045368243,41792.441494908395,hi4pi,upper_limit,0.0111446,ok,272.07835393964274,-263.7678816568457,231.36347321101007,-263.8774422828821,304.80089099010934,-263.9235180131549,229.5658373896264,-264.0688034921115,233.84937087537443,-263.6025966326144,302.5513481674617,-264.15464191474496,300.93172096067616,-264.28687074484236,267.9878888131288,-264.1932591745949,269.70181635434966,-264.02617531152146,731.7798431158176,66.45885781302664,,,,,,
56,AndromedaXXVII,0,37,27.1,45,23,13,0.08,24.59,0.12,-539.6,16.7,0.5,150.0,0.4,27.6,1.8,0.3,0.3,14.8,4.3,99.9,99.9,99.9,x,u,99.9,99.9,99.9,,827.9421637123345,91039.81474305879,hi4pi,upper_limit,0.0187585,ok,384.7935783390292,-228.43870174443256,342.04079761076844,-227.35363059142378,417.6861970273762,-227.69556282495208,339.33074065878054,-225.81574938699057,345.7877752123055,-229.00445009354445,414.0252911072333,-225.73143548902166,411.3863120056876,-223.88432501055792,378.3423233493487,-224.96335823240636,381.0468182240124,-226.64407385676532,831.9765970253277,76.85764106523405,,,,,,
57,AndromedaIII,0,35,33.8,36,29,52,0.055999999999999994,24.37,0.07,-344.3,14.2,0.3,136.0,0.52,24.8,2.2,0.2,0.2,9.3,1.4,99.9,99.9,0.0,x,u,0.0,0.0,0.0,"004+34, m31",748.1695005111552,12493.332540000001,galfa,upper_limit,0.086061373,ok,318.9996400405814,-237.76891161011912,276.7378815529836,-237.77350322187905,350.36897878669674,-237.7725726398688,272.967866589363,-237.74657230487168,281.91549741168046,-237.74784082376567,345.4579670525296,-237.71803657417172,341.901378512728,-237.600560099171,310.218399492564,-237.69221548077863,313.91146091225335,-237.75949075987063,751.8574558346219,73.03775990457883,,,,,,
58,AndromedaXXV,0,30,8.9,46,51,7,0.10099999999999999,24.55,0.12,-107.8,14.8,0.5,170.0,0.25,27.1,3.0,0.2,0.2,3.0,1.2,99.9,99.9,99.9,x,u,99.9,99.9,99.9,,812.8305161640995,104440.15804667487,hi4pi,upper_limit,0.0223272,"high background, smoothed cube may make this limit worse",402.5249175402905,-207.65809410663593,357.5263351747084,-206.95879583365675,434.08115103183394,-207.1052778697527,352.44531021693757,-205.89577177225223,364.49963624954546,-208.0957570333321,427.1746347119165,-205.7260454354578,422.1644314369031,-204.42387569546665,390.39531642700945,-205.2336357885784,395.5005482572041,-206.40849800215045,816.7524348119018,90.19053704338167,,,,,,
59,AndromedaXXVI,0,23,45.6,47,54,58,0.11,24.41,0.12,-261.6,17.3,0.5,145.0,0.25,27.4,1.0,0.1,0.1,8.6,2.8,99.9,99.9,99.9,x,u,99.9,99.9,99.9,,762.0790100254115,50044.453596407686,hi4pi,upper_limit,0.0121709,ok,384.68108033434316,-202.50753185780763,338.89380042780806,-202.46720528416435,414.2338952378746,-202.45780040968603,331.6769930502094,-202.3629157255655,348.7168437683832,-202.53754543862536,404.48730805056346,-202.3045692112393,397.36799886803993,-202.1103429663673,367.52829337258356,-202.25497003173314,374.7792286018273,-202.40006081675818,765.9014617762692,101.57666854836707,,,,,,
60,AndromedaV,1,10,17.1,47,37,41,0.125,24.44,0.08,-403.0,14.9,0.2,32.0,0.18,25.3,1.4,0.2,0.2,11.5,5.3,99.9,99.9,0.0,x,u,0.0,0.0,0.0,,772.6805850957021,80461.55479625608,hi4pi,upper_limit,0.0190351,ok,409.5509101911541,-191.8914193346189,362.3968279032564,-191.77057523779624,438.98323179789196,-191.75630338829978,354.3238101632032,-191.52918546213994,373.3727967557145,-191.99740793206334,427.9783642601571,-191.4245052297201,419.9286268170669,-191.07371949252905,390.2632104389155,-191.32448798012584,398.4228279917818,-191.61645049726437,777.4449073893646,108.84272467512164,,,,,,
61,AndromedaXI,0,46,20.0,33,48,5,0.08,24.33,0.05,-419.6,17.5,1.2,999.9,9.99,26.5,0.71,0.03,0.03,4.6,99.9,99.9,99.9,0.0,x,u,0.0,0.0,0.0,"012+34, m31",734.5138681571144,9268.51441,hi4pi,upper_limit,0.0121324,ok,359.5688783345024,-209.09005776145673,314.8043749971843,-209.23071627279526,388.35198258497974,-209.30418199531297,307.49245516787585,-209.50649859948064,324.7346407005322,-208.87399263224086,378.56886374312603,-209.65550955248767,371.4119967895044,-209.91199735872974,342.2839883872708,-209.71858305934572,349.59849127853977,-209.4482848470587,738.3651040097202,108.50015720712128,,,,,,
62,AndromedaXIX,0,19,32.1,35,2,37,0.062,24.57,0.08,-111.6,15.6,0.6,37.0,0.17,29.3,6.2,0.1,0.1,4.7,1.6,99.9,99.9,,gs,u,99.9,99.9,99.9,"004+34, m31",820.3515443298177,,,upper_limit,0.0360227,"check HI4PI, ok, note nearby cloud elevates limit",447.3955598029603,-182.32945472787782,399.2583219186579,-181.64096471132285,478.0074598921555,-181.78189909123876,391.62706964118524,-180.6005651387018,409.6718344072512,-182.7645584407279,467.4817437720143,-180.42825663681307,459.80388802041966,-179.16283312503293,429.035448175745,-179.95177236536153,436.7884154797955,-181.0981714278424,823.5699393732219,115.21287642163914,,,,,,
63,AndromedaXXIII,1,29,21.8,38,43,8,0.066,24.43,0.13,-237.7,14.2,0.5,138.0,0.4,28.0,4.6,0.2,0.2,7.1,1.0,99.9,99.9,99.9,x,u,99.9,99.9,99.9,,769.1304402866098,81961.66420634136,hi4pi,upper_limit,0.0195694,ok,437.74890784194383,-176.7533911547861,388.47792855690693,-176.70519512605222,466.3384766071994,-176.69488129365013,378.5147207492748,-176.59140307145955,401.9711423199908,-176.79322127344415,452.62681316396913,-176.53096472180553,442.55697956282165,-176.33584496680837,413.8238884621036,-176.48022577698157,423.9686545868401,-176.63113361050773,774.1494641014351,125.60122790382326,,,,,,
64,AndromedaXX,0,7,30.7,35,7,56,0.059000000000000004,24.35,0.12,-456.2,18.2,0.8,80.0,0.3,26.2,0.53,0.14,0.04,7.1,3.9,99.9,99.9,99.9,x,u,99.9,99.9,99.9,004+34,741.3102413009177,10819.92472,galfa,upper_limit,0.0759196,ok,407.58262055204415,-186.12688823568956,359.84762458183735,-186.26919601474714,435.3045522107454,-186.34487078677486,350.021225735085,-186.55201477745567,373.13014846409925,-185.90929741011743,421.8863661912608,-186.70868680495764,412.0190320223627,-186.98249559886708,384.0911648379215,-186.77457349591575,394.0611844734505,-186.49252130551798,744.2285037912894,128.09612729926886,,,,,,
65,AndromedaXIII,0,51,51.0,33,0,16,0.08199999999999999,24.62,0.05,-185.4,18.1,1.2,999.9,9.99,27.3,0.78,0.08,0.08,5.8,2.0,99.9,99.9,0.0,x,u,0.0,0.0,0.0,012+34,839.4599865193982,13897.46464,galfa,upper_limit,0.076044,ok,484.7789385831747,-166.1695183886614,434.5907948986558,-165.22398507766334,515.3984544444493,-165.4881357516565,425.8017544484805,-163.87706200144743,446.56874392739286,-166.69771255626333,503.1564503041877,-163.74794118325863,494.21256239895473,-162.14332233074202,463.51824989649623,-163.1024807110633,472.50370765435207,-164.57098724382936,843.4151125826169,133.7475840660747,,,,,,
66,AndromedaX,1,6,33.7,44,48,16,0.129,24.13,0.08,-164.1,16.6,1.0,46.0,0.44,26.3,1.3,0.1,0.1,6.4,1.4,99.9,99.9,0.0,x,u,0.0,0.0,0.0,,669.8846094165258,34335.10731737203,hi4pi,upper_limit,0.010806999999999999,ok,260.48332433633306,-245.00347750019017,220.54342435545206,-245.23721622778845,289.08221649824395,-245.82776186426338,215.53752875241733,-246.15911552742037,227.3460558869559,-244.15149311275988,282.7878737805573,-247.0779510525171,278.1975699921965,-248.13248984034325,249.06110392130338,-247.17439371314032,253.88849605896473,-246.17893407402667,674.5323961197914,129.98827643628397,,,,,,
67,AndromedaXXI,23,54,47.7,42,28,15,0.09300000000000001,24.59,0.06,-362.5,14.8,0.6,110.0,0.2,27.0,3.5,0.3,0.3,4.5,1.2,99.9,99.9,99.9,x,u,99.9,99.9,99.9,,827.9421637123345,68938.08398953959,hi4pi,upper_limit,0.014204499999999998,ok,486.99999943676715,-162.37442971241418,435.9927152600074,-161.67034874651273,517.1047643914515,-161.81756139782277,426.30696418121244,-160.61726401923525,449.1622706038714,-162.81714036171775,503.6124972569254,-160.44580185709881,493.7340300436421,-159.1744260233504,463.5744891105346,-159.96526086967913,473.4876301633052,-161.12176213346496,830.9044466302299,135.16916048461684,,,,,,
68,AndromedaXXXII,0,35,59.4,51,33,35,0.193,24.45,0.14,999.9,12.2,0.7,-90.0,0.5,26.4,6.5,1.2,1.0,99.9,99.9,99.9,99.9,99.9,x,u,99.9,99.9,999.9,- not seeing,776.2471166286911,59725.706171690224,hi4pi,upper_limit,0.013999999999999999,no velocity,472.4377382168668,-160.99704555699665,420.7348787449892,-160.93661749500004,500.67673016700866,-160.92499298275249,409.10223998975846,-160.80399219638204,436.4527635159122,-161.05006264202203,484.52024481734276,-160.7373332210267,472.62322535605233,-160.52619960511998,444.36539288110794,-160.68117183263766,456.2861121035412,-160.8498619233172,780.4102824922064,140.3846524224809,,,,,,
69,NGC147,0,33,12.1,48,30,32,0.172,24.15,0.09,-193.1,9.5,0.1,25.0,0.41,21.2,3.17,9.99,9.99,16.0,1.0,17.0,2.0,0.0,x,u,0.0,0.0,0.0,,676.0829753919819,67278.97883786725,hi4pi,upper_limit,0.0207896,ok,304.4800206256606,-223.64590120083895,262.84964928519247,-223.8817861761764,331.2859458185066,-224.45804121352228,255.52679115409123,-224.79297397755224,272.74180938418283,-222.81031090052196,321.7003150943277,-225.69694502026348,314.66369048077695,-226.74486092509542,287.38024637246724,-225.79463082402833,294.63429033118354,-224.80820345764363,680.121884796466,139.44396969469102,,,,,,
70,AndromedaXXX,0,36,34.9,49,38,48,0.166,24.17,0.1,-139.8,16.2,0.3,999.9,9.99,99.9,1.35,0.12,0.18,11.8,7.7,99.9,99.9,99.9,x,u,99.9,99.9,999.9,,682.3386941416704,40179.86383908407,hi4pi,upper_limit,0.0121892,ok,334.7250176668803,-210.41446602893996,291.50285091067593,-210.65533954979827,360.8615861167039,-211.18992519580573,282.80999181907526,-211.53498266322117,303.21929860261565,-209.62070762206588,349.2692311719632,-212.38522175851017,340.73422148413084,-213.39633845735588,314.21381665815767,-212.48792300657712,322.9287226214421,-211.53608775354914,686.4742059578083,144.4809306474485,,,,,,
71,AndromedaXIV,0,51,35.0,29,41,49,0.06,24.5,0.06,-480.6,15.9,0.5,999.9,0.31,27.2,1.7,0.8,0.8,5.3,1.0,99.9,99.9,0.0,x,u,0.0,0.0,0.0,012+26,794.3282347242822,4752.33774,galfa,upper_limit,0.029042697000000003,ok,527.8306086016055,-137.57696883820324,472.2405855254051,-137.42081895180746,556.1018938556534,-137.40768503211973,458.3996044434837,-137.13273033692067,490.906740152667,-137.71609787548073,536.6653121764186,-137.01721206275775,522.3168904888041,-136.63324759294474,494.22931427044466,-136.90389490794513,508.5164763183105,-137.2371436495478,798.1430249713385,161.2178028218214,,,,,,
72,AndromedaXII,0,47,27.0,34,22,29,0.11,24.84,0.09,-558.4,18.3,1.2,999.9,9.99,28.5,1.2,0.2,0.2,2.6,5.1,99.9,99.9,0.0,x,u,0.0,0.0,0.0,"012+34, m31",928.9663867799362,15851.408919999998,galfa,upper_limit,0.07082680000000001,ok,538.0130335840614,-157.45240605968766,489.0995767085015,-154.21555971078712,570.5490698715462,-156.04325439875282,482.62486903954635,-150.51104041173485,497.9957472986963,-158.31453090755184,561.3838802759063,-151.43040220887835,554.7342539135958,-147.22926371429065,522.1911765481365,-149.19512857679223,528.8489975727197,-153.1244105992094,932.8605283931978,182.0549669067459,,,,,,
73,AndromedaXV,1,14,18.7,38,7,3,0.047,23.98,0.26,-323.0,14.6,0.3,0.0,0.0,24.8,1.21,0.05,0.05,4.0,1.4,99.9,99.9,0.0,x,u,0.0,0.0,0.0,,625.1726927756862,40923.15702039255,hi4pi,upper_limit,0.0147889,ok,249.09830933934455,-239.58141287268182,211.80690538757403,-239.60119177820235,273.9464963709715,-240.95165162181422,205.01452885878192,-240.8882883883472,220.93832725639706,-238.10652165733526,265.289002684818,-242.77324599576016,258.91792123032735,-244.33972144679268,233.45568676035748,-242.6914914667807,240.10511326264375,-241.2525488179967,629.8459683285274,174.90734486256784,,,,,,
74,AndromedaII,1,16,29.8,33,25,9,0.061,24.07,0.06,-192.4,11.5,0.2,34.0,0.2,24.5,6.2,0.2,0.2,7.8,1.1,10.9,2.4,,gs,u,0.0,0.0,0.0,"020+34,m31?""NGC185             0 38 58.0  48 20 15  23.95 0.09 0.09 -203.8  1.1  1.1 0.11 m31AndromedaXXIX     23 58 55.6  30 45 20  24.32 0.22 0.22 -194.4  1.5  1.5 99.9 g31dr1 356+34""",651.6283940608428,,,detected_mass,0.021649099999999998,ok,355.9984693380398,-196.46306174417086,312.49792929119894,-196.59104180622182,379.2938311121154,-197.63232674277248,301.3889064675937,-197.76106923724342,327.3733904466696,-195.23051182774364,364.1685290802093,-199.2719997082461,352.9504872612712,-200.68084409064727,329.4732918657414,-199.27218879960182,340.78966094500095,-197.9732345899293,656.2183978763398,180.6462908167208,,,,,,
75,NGC185,0,38,58.0,48,20,15,0.184,23.95,0.09,-203.8,9.2,0.1,35.0,0.15,20.8,2.55,9.99,9.99,24.0,1.0,15.0,5.0,0.11,x,u,15.3,0.8,0.0,,,110000.0,various,detected_mass,,ok,245.91926254236793,-239.30431215891088,209.42212754114462,-239.25097145786816,269.96547076949423,-240.78865956005993,202.38110525808685,-240.59400758902984,218.87106984875444,-237.69349243237932,260.9603300884747,-242.7065761352705,254.32253434373712,-244.35906204728062,229.66444150047363,-242.5677028241117,236.58114055801659,-241.05647980099343,620.7507893267554,183.6903328868837,,,,,,
76,AndromedaXXIX,23,58,55.6,30,45,20,0.046,24.32,0.22,-194.4,16.0,0.4,51.0,0.35,99.9,1.7,0.2,0.2,5.7,1.2,99.9,99.9,99.9,x,u,99.9,99.9,99.9,,,5012.81372,galfa,upper_limit,0.036158554,"images missing, does have velocity",520.1030214684816,-134.75873675923168,464.1645040727896,-134.99363180696366,545.6605484226731,-135.26134142154496,447.91576967916916,-135.61269345346443,485.9356906158971,-134.262637675439,522.7888989660945,-136.09664365974885,505.79245488247903,-136.8011780412377,480.6188624190462,-136.21150378275104,497.4712665816822,-135.54580615486933,733.5978781559687,186.5915766726298,,,,,,
77,Triangulum,1,33,50.9,30,39,37,0.040999999999999995,24.54,0.06,-179.2,5.7,0.1,999.9,9.99,99.9,99.99,9.99,9.99,99.9,99.9,99.9,99.9,99.9,x,u,99.9,99.9,99.9,,,,,,,,634.6484626271439,-92.00690832419889,570.5565134163455,-91.8620082294893,662.916358246954,-91.84822922773795,551.7370870292132,-91.60042108389851,595.8302348938694,-92.13992028580905,636.1064735305845,-91.49428394948453,616.2115463862757,-91.15783416973866,588.6146797202491,-91.39549637994794,608.2419044284602,-91.69286968143558,814.0136279154178,206.47981938585056,,,,,,
78,AndromedaXXIV,1,18,30.0,46,21,58,0.083,23.89,0.12,-128.2,16.3,0.5,5.0,0.25,27.8,2.1,0.1,0.1,99.9,99.9,99.9,99.9,99.9,x,u,99.9,99.9,99.9,,599.7910762555101,39587.90472252748,hi4pi,upper_limit,0.015542799999999999,ok,262.3263818942091,-229.66144366998728,226.65562486086463,-229.43676711776322,283.9062315190298,-231.3747535663783,218.179611464,-230.87304961693613,237.98160291320687,-227.7747552775489,272.73727682030056,-233.4661274890958,264.45779977503383,-235.27397530156753,242.4100263826096,-233.19390160550017,250.91062786311983,-231.5556635847049,604.7110270884762,204.2055140336037,,,,,,
79,AndromedaVII,23,26,31.7,50,40,33,0.19399999999999998,24.41,0.1,-307.2,11.2,0.3,94.0,0.13,23.2,3.5,0.1,0.1,13.0,1.0,99.9,99.9,0.0,x,u,0.0,0.0,0.0,,762.0790100254115,65554.20874727161,hi4pi,upper_limit,0.0159429,ok,624.6294270443121,-93.49362432099088,560.536425258464,-93.68375113536273,651.1588582290848,-93.82575381238436,540.3140885739148,-94.11428616157195,587.5987783638118,-93.17329291120352,622.334349403924,-94.40390184665652,600.8656201560473,-94.88953443306055,575.1598262520408,-94.5011268322037,596.2957867193401,-94.04047184860876,764.8427153945493,217.3332100524292,,,,,,
80,IC10,0,20,17.3,59,18,14,1.568,24.5,0.12,-348.0,9.5,0.2,999.9,0.19,24.6,2.65,9.99,9.99,99.9,99.9,99.9,99.9,50.0,x,u,8.0,1.0,34.0,,794.3282347242822,50000000.0,various,detected_mass,,surprised by small r_h,729.060341793825,-52.47485437828775,656.5393877492273,-52.58503313269889,756.9711964831921,-52.635807263487706,632.4324446649466,-52.804181948849305,688.7767950656495,-52.323126295062416,722.335313534293,-52.92850433564349,696.5009719754491,-53.17211105518945,669.838352459286,-52.98619128613657,695.1571163683284,-52.753471598700635,798.3732327226503,251.62837593124792,,,,,,
81,AndromedaXXXI,22,58,16.3,41,17,28,0.133,24.4,0.12,999.9,12.7,0.7,-59.0,0.43,25.8,4.2,0.4,0.5,99.9,99.9,99.9,99.9,99.9,x,u,99.9,99.9,999.9,- not seeing,758.5775750291837,81482.2951269414,hi4pi,upper_limit,0.02,no velocity,721.8424919935458,-54.435016056684105,649.6311855533494,-54.676803872282605,748.4537807633676,-54.991308675646096,624.6747135454231,-55.35204213627126,682.9404635168102,-53.89204254131376,712.5615057387594,-55.91892448085604,685.7326307187503,-56.71883233684831,660.5053948409663,-56.03516859269694,686.7591922375466,-55.294382457107936,760.1517720755236,261.8490575307353,,,,,,
82,LGS3,1,3,55.0,21,53,6,0.04,24.43,0.07,-286.5,14.3,0.1,0.0,0.2,24.8,2.1,0.2,0.2,7.9,5.3,99.9,99.9,0.38,x,u,9.1,0.3,5.0,"012+18 - check at least some of these detections for a reality check, or do you actually want to remeasure these?  There is this Courtois & Tully 2015 paper on remeasuring HI",769.1304402866098,380000.0,various,detected_mass,,,746.6224629527687,-44.95389278874232,672.3567223571231,-45.18071693675957,773.7975989221663,-45.41701814921114,646.6251369921623,-45.76002841294625,706.7062039637555,-44.50714841699901,736.7491475093767,-46.20981993396009,709.0581195485161,-46.89324122025038,683.3428900532191,-46.32351327629015,710.4262573648914,-45.68957905839847,772.9209498877706,267.55717886589997,,,,,,
83,AndromedaVI,23,51,46.3,24,34,57,0.063,24.47,0.07,-339.8,13.0,0.2,163.0,0.41,24.1,2.3,0.2,0.2,12.4,1.5,99.9,99.9,0.0,x,u,0.0,0.0,0.0,356+26,783.4296427662119,4828.73438,galfa,upper_limit,0.030336279,"images missing, does have velocity",758.2747444599426,-40.58930334648256,683.093866763195,-40.78565626377778,785.9174179169557,-40.94091369562148,657.1879992374276,-41.241376461944256,717.6895719024126,-40.25450803193541,748.6079485494331,-41.56096678394179,720.7328861660638,-42.09394663265699,694.5566540422665,-41.663057250125156,721.8215094463226,-41.16676630854528,785.3191976975977,268.2561878343674,,,,,,
84,AndromedaXXII,1,27,40.0,28,5,25,0.079,24.82,0.07,-129.8,18.0,0.8,114.0,0.56,26.7,0.94,0.1,0.1,2.8,1.9,99.9,99.9,99.9,x,u,99.9,99.9,99.9,020+26,920.4495717531722,7856.74475,galfa,upper_limit,0.035757869,"missing, location correct?, not sure why i said this",797.2462461499078,-27.33417921124304,722.5433343622457,-25.86232816253116,828.7265812227196,-26.42318029211248,700.0183957904061,-23.98801396351938,752.8559950456437,-28.00490746549478,796.2105878959989,-23.99112661325435,772.1090773481138,-21.85091662311932,741.7344537913933,-23.04671027213852,765.381462934195,-25.05140644021823,925.1259827343076,275.65839402702466,,,,,,
85,AndromedaXVI,0,59,29.8,32,22,36,0.067,23.39,0.19,-367.3,14.4,0.3,0.0,0.0,23.9,0.89,0.05,0.05,3.8,2.9,99.9,99.9,0.0,x,u,0.0,0.0,0.0,012+34,476.4309868054156,4059.26808,galfa,upper_limit,0.0689568,check hi4pi limit due to high galfa limit,213.16137248244436,-241.07530914753838,199.28251405706345,-238.65829547138443,219.55446552456328,-244.54257143335715,191.3535599439134,-240.1986239408249,209.84884919849296,-236.87905594268605,207.59796091590738,-247.26781737744423,198.60316651543832,-249.6392800286627,192.82071110266997,-245.38308839001843,201.55576104976788,-243.38000755529487,480.57904206858024,318.9487868698822,,,,,,
86,AndromedaXXVIII,22,32,41.2,31,12,58,0.096,24.1,0.5,-326.2,15.6,0.4,39.0,0.34,26.3,1.11,0.21,0.21,6.6,2.9,99.9,99.9,99.9,x,u,99.9,99.9,99.9,340+34,660.6934480075964,3557.6326700000004,galfa,upper_limit,0.031426143,"images missing, does have velocity",834.1237557331984,-10.659959271477145,754.1973568035668,-10.180631193940286,857.9500525381771,12.688714650162636,722.5303944239811,-11.698726738912017,796.2929553425549,-8.42905854381944,811.7691667642724,-14.991396321389086,777.049412139905,-16.99578072661822,755.7011566592716,-14.483706013820012,789.3638017961692,-12.705597290696813,660.8831138356675,365.382541262497,,,,,,
87,AndromedaXXXIII,3,1,23.6,40,59,18,0.131,24.44,0.18,999.9,14.1,0.7,-6.0,0.43,25.6,1.7,0.4,0.4,99.9,99.9,99.9,99.9,99.9,x,u,99.9,99.9,999.9,- not seeing,772.6805850957021,63405.14743520344,hi4pi,upper_limit,0.015,"no velocity, is conversion def right on hi4pi to MHI?  looks high.",938.8669986001561,29.0292546968681,848.0402677285963,-28.78834073705404,967.8558070560088,28.239704726586965,813.826044431697,-27.900962641644302,893.6063441211971,29.809118159757205,918.1439485352444,26.990471951548123,880.8606252581428,25.898470623356832,854.3276243507935,26.896612770846996,890.5703515622431,27.89028312308793,779.4639343525406,348.2590787946932,,,,,,
88,IC1613,1,4,47.8,2,7,4,0.025,24.39,0.12,-231.6,9.2,0.1,50.0,0.11,22.8,6.81,9.99,9.99,10.8,1.0,99.9,99.9,65.0,x,u,5.9,1.0,25.0,012+02,755.0922276654342,65000000.0,various,detected_mass,,,1297.0002718138585,161.82654173981865,1175.599631156147,162.36459825343084,1329.9289534785862,159.71466391641803,1126.0358056132413,160.8346372611089,1241.4731009082657,164.12843014880275,1257.221569267816,157.35934342882416,1202.5127594119933,155.30440368220158,1173.9087064152998,157.9416804855606,1226.7601954775314,159.74975553063285,757.7397472640301,518.4477040516994,,,,,,
89,Phoenix,1,51,6.3,-44,26,41,0.016,23.09,0.1,-13.0,13.2,0.4,5.0,0.4,25.8,3.76,9.99,9.99,99.9,99.9,99.9,99.9,0.12,x,u,10.0,4.0,0.0,,414.95404263436325,120000.0,various,detected_mass,,"Young et al. 2007, offset blowout?  tempted to list as limit in the center, look at cube",1202.6619925357745,137.58531623273214,1125.12531604087,159.155701717285,1214.3664880929682,125.28196086597163,1086.7526237475372,162.75890424671255,1176.5924821576955,154.89195657720606,1155.3064278288973,126.39926784359095,1111.130684121395,127.33181686510487,1104.5836115498118,142.149499146921,1146.5185834395534,140.0573110874982,415.01034053125113,858.0538556973753,420.6041725582258,19.16012399808683,1394.820284167201,521.6964896619131,7.468405883049481e-08,1.6338583661051005e-07
90,Eridanus2,3,44,21.1,-43,32,0,9.999,22.9,0.2,999.9,16.3,0.1,81.0,0.4,99.9,1.53,0.14,0.09,99.9,99.9,99.9,99.9,99.9,x,u,99.9,99.9,999.9,- not seeing,380.18939632056123,20467.42715376234,hi4pi,upper_limit,0.02,no velocity,1143.1380367070205,116.80994611319376,1078.2059139457149,142.66767928946314,1150.2805416508913,102.87618192173065,1044.1566541044826,147.6755597797716,1124.0060779709484,136.76187995047744,1097.2631981521897,105.14555226573262,1057.7055566929073,107.07869217900306,1055.507447439377,123.89343188893783,1092.9180831284161,120.63283289322553,382.18893063733265,885.7661103844113,365.46816351823486,16.601560935883292,3993.0844830474425,1924.4716894795495,1.8241681281869027e-05,5.834653889078834e-05
91,NGC6822,19,44,56.6,-14,47,21,0.231,23.31,0.08,-54.5,8.1,0.2,330.0,0.24,19.7,2.65,9.99,9.99,23.2,1.2,99.9,99.9,130.0,x,u,5.8,1.9,47.0,,459.19801283686854,130000000.0,various,detected_mass,,ok,1301.5841581090244,176.83877574234756,1213.5531335339535,198.50126798720268,1316.358608038237,164.44210138810323,1171.1492081432336,202.0905411393047,1270.3730329770665,194.22719704723744,1251.4232904139296,165.6272633155186,1202.8198778226683,166.60582338162118,1193.5320746647735,181.48187898243836,1239.7526606905963,179.3620852358896,452.16684104420585,886.1135511805554,,,,,,
92,Cetus,0,26,11.0,-11,2,40,0.028999999999999998,24.39,0.07,-83.9,13.1,0.2,63.0,0.33,25.0,3.2,0.1,0.1,8.3,1.0,7.7,1.2,0.0,x,u,0.0,0.0,0.0,,755.0922276654342,95114.61460733594,hi4pi,upper_limit,0.0235621,ok,1608.6999513396677,276.8883073116198,1461.7742379095414,279.3527312760778,1645.8309962421677,273.2554453230944,1400.057091138864,277.8021969388504,1543.7946764311862,281.14005241788686,1554.8379984407725,270.5146037832406,1486.3280154556135,268.12910079735303,1454.9949321107893,272.589162581211,1521.0042441507546,274.5883202625059,755.6300624652933,677.2142821017397,,,,,,
93,PegasusdIrr,23,28,36.3,14,44,35,0.068,24.82,0.07,-179.5,12.6,0.2,120.0,0.46,22.8,2.1,0.04,0.04,12.3,1.2,10.0,0.3,5.9,x,u,9.0,99.9,21.0,"- check DR1 and DR2 on this, DR1 356+18 (-153 (816) to -207 (743), lovely deep data extended)  for mbspect need to get the beam info in there to be accurate. kvis simple sum is ~2500 K km/s, extended but 2500 K / 9.1 K/Jy = 275 Jy km/s  MHI= 0.236*275*919^2 = 5.5 x 10^7  Nope and get an order of magnitude lower than the value quoted here (5.9 x 10^6) with mbspect without beam info, putting 0.00116 radians for bmaj/bmin in which gives the 240 arcsec beam.  it just gives something similar to kvis without conversion with beam 3500 K*pix km/s (or 3100 robust).  yes if you divide by the number of pixels per beam (say ~12) and then the 9.1 you get about the right answer.  otherwise try going through this the column density way",920.4495717531722,5900000.0,various,detected_mass,,,1314.6159145949682,173.6333504741725,1190.9456894306581,173.5321911000115,1351.6383329254975,173.48432972606614,1143.1727465274757,173.3121114615092,1254.5857432948246,173.7583174326779,1281.818708491063,173.1696955007529,1229.439660388636,172.8619711474355,1196.210408516145,173.10293866196773,1246.9722177101883,173.36508530593952,920.9877453366568,474.36864561523737,,,,,,
94,LeoT,9,34,53.4,17,3,5,0.031,23.1,0.1,38.1,15.1,0.5,0.0,0.0,24.8,0.99,0.06,0.06,7.5,1.6,99.9,99.9,0.28,x,u,6.9,1.0,0.0,,416.8693834703355,280000.0,various,detected_mass,,,1245.6479764390854,166.00671278190205,1179.7337267690118,200.14098466761467,1251.9673412691093,148.8026633104465,1144.6822143519512,207.72205935105987,1226.9829361273516,191.09958120414302,1197.112298049349,153.52911856733803,1156.2736300066342,157.54519682079504,1155.16952784263,178.1740955782109,1193.7476463749695,172.5942144452431,421.84975462963746,986.6725256561385,,,,,,
95,WLM,0,1,58.2,-15,27,39,0.038,24.85,0.08,-130.0,10.6,0.1,179.0,0.55,23.7,8.62,0.26,0.26,17.5,2.0,17.0,1.0,61.0,x,u,4.5,1.0,30.0,,933.2543007969924,61000000.0,various,detected_mass,,,2096.720040266794,458.0683581437425,1903.593058637914,459.6282376021452,2145.948629591675,455.03726800716794,1823.0903232297167,458.01997110992795,2010.5707066914144,461.48385764074766,2027.4138239080457,452.36396414510705,1938.1716936053208,450.03519564520826,1896.4096846168084,453.789484369781,1982.4335679775002,455.77943159205546,932.7841206393082,823.0366586179377,,,,,,
96,AndromedaXVIII,0,2,14.5,45,5,20,0.106,25.42,0.07,-332.1,16.0,9.9,999.9,9.99,25.6,0.92,0.06,0.06,9.7,2.3,99.9,99.9,99.9,x,u,99.9,99.9,99.9,,1213.3888504649785,223479.5467967583,hi4pi,upper_limit,0.021439,ok,866.5510509936934,2.280776939238504,808.8087660204616,-19.346052690607856,901.4035047466307,5.175020362690995,799.0401053287173,-33.832551001659176,822.24909152154,-2.544540875818983,886.9213662707012,23.253796523208674,876.4141077002367,38.96503255170757,842.0420683628386,-34.705257319791556,852.3519570888683,19.637266036306798,1216.628536460068,456.6342273072352,,,,,,
97,LeoA,9,59,26.5,30,44,47,0.021,24.51,0.12,24.0,12.4,0.2,114.0,0.4,22.8,2.15,9.99,9.99,6.7,1.4,0.0,0.0,11.0,x,u,9.3,1.4,0.0,,797.9946872679768,11000000.0,various,detected_mass,,,2223.1161024470953,540.86463261367,2045.8948613106845,565.2936868675434,2262.109653048036,526.8672224310769,1967.8303446926302,569.3984160469182,2150.1178256824614,560.1883861484723,2144.874269990489,529.219037297592,2056.9088888080682,531.0718334453363,2026.5397669753377,547.3582111717618,2110.7706480606353,544.4687844245107,802.8659167619958,1196.7170096260472,,,,,,
98,Aquarius,20,46,51.8,-12,50,53,0.051,25.15,0.08,-137.7,14.5,0.1,98.7,0.5,23.6,1.47,0.04,0.04,7.9,1.9,99.9,99.9,4.1,x,u,5.8,0.1,0.0,,1071.5193052376048,4099999.9999999995,various,detected_mass,,ok,2789.7307569378536,719.7858155269442,2538.4278123375757,726.4209636582556,2851.392723598749,713.6675349481706,2432.1974925719196,725.5779881074119,2679.6642267424786,727.3445737226888,2694.394337752806,711.3683185612808,2576.214651929323,709.3486828134315,2524.834733294831,716.6529079366784,2638.574185941316,718.124610164394,1065.747288300862,1154.7022852555588,,,,,,
99,Tucana,22,41,49.6,-64,25,10,0.031,24.74,0.12,194.0,15.2,0.2,97.0,0.48,25.0,1.1,0.2,0.2,15.8,4.1,16.0,99.9,0.0,x,u,0.0,0.0,0.0,,887.15601203796,85395.81245612683,hi4pi,upper_limit,0.0153251,ok,2387.425964930603,626.9528492286898,2204.436542613933,660.5837655817148,2426.846000839864,608.975547982512,2123.391988058544,667.3207511154112,2312.8090412695437,652.1391748394719,2304.6103441333307,614.349783231598,2213.0248180242493,618.6493708119996,2182.810279836693,639.2122646995618,2270.411014318402,633.7581945152466,882.6991706754717,1345.7201032662738,,,,,,
100,SagittariusdIrr,19,29,59.0,-17,40,51,0.124,25.14,0.18,-78.5,13.6,0.2,90.0,0.5,23.9,0.91,0.05,0.05,99.9,99.9,99.9,99.9,8.8,x,u,10.0,1.0,0.0,,1066.596121230259,8800000.0,various,detected_mass,,ok,2899.9311944019096,784.8340395920823,2650.7065282329854,802.5567071748939,2958.7972984946164,773.4974837944778,2543.8624297847537,804.587562050905,2793.0061556163414,799.9363297642798,2799.8781181256627,774.0013981823929,2680.413162258484,774.2857901779049,2632.4639843169975,787.4189911374648,2747.2086087489365,786.3183117702367,1059.2136667673417,1344.2832478666346,,,,,,
101,UGC4879,9,16,2.2,52,50,24,0.016,25.67,0.04,-29.2,13.2,0.2,84.2,0.44,21.2,0.41,0.04,0.04,9.6,1.3,99.9,99.9,0.95,x,u,11.0,1.1,0.0,,1361.4446824659512,950000.0,various,detected_mass,,"galactic confusion, Bellazini et al 2011, I guess ok, WSRT obs and small amount of gas with their obs. centered, could note value is likely affected by the confusion",3567.8938386741665,1005.7847298420843,3242.0810851733104,1010.1020572075249,3649.072040249013,1000.8707627047489,3105.389864747835,1008.786505835285,3423.752166437305,1011.5967571827738,3447.4707154896278,998.2430234476733,3295.6880868608587,995.9499420968623,3227.4763120646626,1001.8603553230616,3373.663908054347,1003.6912609049648,1367.322429543799,1393.7559994128699,,,,,,
102,AntliaB,9,48,56.1,-25,59,24,0.069,25.56,0.16,376.0,15.9,0.6,4.0,0.3,99.9,0.72,0.07,0.07,99.9,99.9,99.9,99.9,0.28,x,u,0.02,0.02,999.9,,1294.1958414499863,280000.0,various,detected_mass,,"no obvious detection in our data, check consistent with limits in final plot",2710.911508688026,983.7854859517976,2559.9747184742037,1066.9626366925274,2737.3477609070114,941.8199037115137,2489.543670110156,1086.52330340397,2655.1551967404093,1041.286484749386,2628.0500553390752,966.4960238703927,2546.9828674364257,985.425970801945,2529.9893099344977,1028.7442517767984,2606.9899679585483,1009.2602610289808,1295.8216155266073,1956.5211091721774,,,,,,
103,NGC3109,10,3,6.9,-26,9,35,0.067,25.57,0.08,403.0,10.7,0.1,91.5,0.82,22.6,4.3,0.1,0.1,99.9,99.9,99.9,99.9,450.0,x,u,10.0,99.9,72.4,,1300.1695780332898,450000000.0,various,detected_mass,,ok,2605.9715360403206,979.4115473639074,2475.4082242386785,1068.6674056516904,2626.2622113629286,934.2784414916499,2412.801552259042,1089.7223212009644,2560.2314358244575,1040.9481890258548,2528.36460180906,961.4716379145373,2455.9359594082903,982.250372159812,2444.4130826137316,1028.4014366429515,2513.072035203516,1007.213387993186,1301.2727321198233,1982.6250707306374,,,,,,
104,SextansB,10,0,0.1,5,19,56,0.031,25.77,0.03,304.0,11.3,0.2,110.0,0.31,21.9,1.06,0.1,0.1,8.0,99.9,90.0,99.9,51.0,x,u,18.0,99.9,71.0,,1425.607593602188,51000000.0,various,detected_mass,,ok,3551.485913385195,1162.3560141319147,3277.842733510048,1213.0233642913122,3613.280653251756,1135.96892855122,3159.0875260663606,1224.0405520296729,3436.7381823504447,1198.7225145341472,3434.433493381794,1148.1145726353539,3300.5462226291506,1157.518044966188,3251.9226152491924,1185.938256664389,3380.1180111431086,1175.6545682557373,1429.2166838402595,1939.9807047837846,,,,,,
105,Antlia,10,4,4.1,-27,19,52,0.079,25.65,0.1,362.0,15.2,0.2,135.0,0.4,23.9,1.2,0.12,0.12,99.9,99.9,99.9,99.9,0.73,x,u,6.4,0.7,99.9,,1348.9628825916534,730000.0,various,detected_mass,,ok,2671.0887948533964,1026.04119450643,2537.8969142272745,1116.6308277077212,2691.965113382625,980.1119847762953,2474.1826040012215,1137.9760933296016,2624.2393658842047,1088.4913830151993,2592.317298261119,1007.9411608747657,2518.611918807344,1029.1593267257922,2506.652267024283,1075.9414668778318,2576.5250146153107,1054.3817358791464,1349.9686192999086,2033.5561665891871,,,,,,
106,SextansA,10,11,0.8,-4,41,34,0.045,25.78,0.08,324.0,11.5,0.1,0.0,0.17,22.8,2.47,9.99,9.99,99.9,99.9,99.9,99.9,77.0,x,u,8.0,1.0,20.0,,1432.1878992735456,77000000.0,various,detected_mass,,ok,3330.923230639768,1150.1497642522352,3096.563182529627,1215.3581026237075,3381.226522464155,1116.8685356466435,2993.2525313123033,1230.228658267645,3235.245274577694,1195.936906869314,3224.172503685459,1134.5952250309674,3106.9495451385915,1148.2538913198414,3068.821250370226,1183.3081862731021,3180.786848522995,1168.8968102592385,1434.886957306438,2015.8232100589762,,,,,,
107,HIZSS3(A),7,0,29.3,-4,12,30,1.013,26.12,0.14,288.0,99.9,9.9,999.9,9.99,99.9,99.99,9.99,9.99,99.9,99.9,99.9,99.9,14.0,x,u,99.9,99.9,42.0,,1674.9428760264382,14000000.0,various,detected_mass,,"ok, r_h bad",4556.968785946447,1410.219468282614,4152.515200741291,1427.1190753691817,4655.686647129997,1398.9222909873163,3981.617838625057,1428.7474254322826,4379.906183423533,1424.896092355127,4402.641841318969,1399.4230977993946,4212.298149585453,1399.6382875227832,4130.34526477332,1412.4501844821073,4313.448968247758,1411.549531904647,1681.5494663805566,1917.6859280636745,,,,,,
108,HIZSS3B,7,0,29.3,-4,12,30,1.013,26.12,0.14,322.6,99.9,9.9,999.9,9.99,99.9,99.99,9.99,9.99,99.9,99.9,99.9,99.9,2.6,x,u,99.9,99.9,99.9,,1674.9428760264382,2600000.0,various,detected_mass,,"ok, r_h bad",4556.968785946447,1410.219468282614,4152.515200741291,1427.1190753691817,4655.686647129997,1398.9222909873163,3981.617838625057,1428.7474254322826,4379.906183423533,1424.896092355127,4402.641841318969,1399.4230977993946,4212.298149585453,1399.6382875227832,4130.34526477332,1412.4501844821073,4313.448968247758,1411.549531904647,1681.5494663805566,1917.6859280636745,,,,,,
109,LeoP,10,21,45.1,18,5,17,0.10800000000000001,26.05,0.2,264.0,16.9,0.1,999.9,9.99,99.9,99.99,9.99,9.99,99.9,9.9,99.9,99.9,0.94,x,u,99.9,99.9,9.0,(not in dr2),1621.8100973589296,940000.0,various,detected_mass,,,4212.792977523124,1368.3379366827805,3863.3820797320636,1406.5197590350522,4295.260219099552,1347.4368807350145,3714.0376557769173,1414.0099021452706,4062.657182134768,1396.7625547040498,4072.256223372788,1355.1695778893857,3904.9139697774217,1361.0901357131152,3838.032637589308,1383.8511730245928,3998.64048595351,1377.1121256994102,1625.5446476733591,2047.930550752817,,,,,,
110,ESO410-G005,0,15,31.6,-32,10,48,0.013999999999999999,26.42,0.04,999.9,14.9,0.3,57.0,0.37,22.2,0.5,0.05,0.05,99.9,99.9,99.9,99.9,0.73,x,u,14.2,0.6,99.9,,1923.0917289101617,730000.0,various,detected_mass,,,4963.347978035044,1522.2197210051518,4506.361863370535,1523.482338297586,5078.563591717409,1519.316388872374,4315.792198117397,1521.8780606021614,4759.604367355081,1525.3329075614492,4797.873575335034,1516.656958456436,4586.541551474221,1514.3366746220652,4489.143326995786,1517.9762672862748,4692.792336752667,1519.9508253979961,1921.7949685567298,1856.6199269398728,,,,,,
111,KKR25,16,13,48.0,54,22,16,0.009000000000000001,26.42,0.07,-65.0,15.5,0.2,999.9,0.49,24.0,0.47,0.03,0.03,99.9,99.9,99.9,99.9,99.9,x,u,99.9,99.9,99.9,,1923.0917289101617,605836.340434887,hi4pi,upper_limit,0.0231378,ok,4986.378074021655,1530.4960341291626,4527.46119791931,1532.034139052039,5101.951620618212,1527.3667755767349,4335.99237487987,1530.4250761615683,4781.898130673893,1533.890712888172,4819.914319994428,1524.6669077897166,4607.565653690043,1522.3141166153694,4509.913416122164,1526.208261266113,4714.533770525271,1528.2025347504173,1922.4773056689673,1868.8482373329928,,,,,,
112,#NGC55,0,14,53.6,-39,11,48,0.013000000000000001,26.43,0.12,129.0,7.9,0.1,108.0,0.83,19.3,5.16,9.99,9.99,99.9,99.9,99.9,99.9,1300.0,x,u,99.9,99.9,86.0,,,1300000000.0,various,detected_mass,,too massive for sample,5130.387853362294,1586.1239175143398,4660.384992049354,1590.317258990249,5247.8693948956225,1581.1939294419085,4463.663170828946,1588.9639370213558,4921.825748189271,1591.8521125806715,4957.871785740897,1578.5747727110281,4739.534128964311,1576.286664867113,4640.626940478911,1582.1835960964258,4850.951412639826,1584.0235151125546,1930.1898727987957,1957.9038495804643,,,,,,
113,ESO294-G010,0,26,33.4,-41,51,19,0.006,26.54,0.04,117.0,15.3,0.3,8.0,0.51,22.3,0.42,0.04,0.04,99.9,99.9,99.9,99.9,0.34,x,u,9.7,0.9,99.9,,2032.3570109362208,340000.0,various,detected_mass,,"in galactic, check ref",5415.653940912296,1692.690166907292,4919.638428836236,1697.186290037857,5539.59844092178,1687.565250151954,4712.021643243989,1695.878549706863,5195.561516447746,1698.662622926861,5233.528489161118,1684.9895826071597,5003.092069802901,1682.7359405545076,4898.758372797246,1688.8421051672342,5120.734369102319,1690.641391666265,2030.7707814416165,2066.178785137131,,,,,,
114,#NGC300,0,54,53.5,-37,41,4,0.013000000000000001,26.59,0.06,146.0,8.1,0.1,111.0,0.29,21.0,5.0,9.99,9.99,99.9,99.9,80.0,5.0,1800.0,x,u,13.0,5.0,98.8,,,1800000000.0,various,detected_mass,,too massive for sample,5472.34340348727,1710.8177593120533,4969.336767952532,1713.2039599019524,5598.645087355197,1707.0418656014403,4759.231772856779,1711.6300536563538,5248.541953743921,1715.0161752871518,5289.083623402083,1704.296476224114,5056.008966893518,1701.9071039515557,4949.433032917633,1706.5246267912985,5173.999884657078,1708.5213073251925,2079.077112312088,2058.662756427876,,,,,,
115,IC5152,22,2,41.5,-51,17,47,0.025,26.45,0.05,122.0,10.9,9.9,100.0,0.38,20.1,0.97,9.99,9.99,99.9,99.9,99.9,99.9,87.0,x,u,99.9,99.9,99.9,,1949.8445997580454,87000000.0,various,detected_mass,,ok,5238.5407457218025,1680.6873583229597,4774.2699464485895,1700.589577765566,5352.09457086555,1667.89064671429,4578.352348164358,1702.9640962719766,5034.987115370065,1697.3787302906794,5061.9693615863725,1669.4287762255983,4843.764561494486,1670.4426182953637,4749.422817658677,1684.7367810512985,4959.332006018411,1683.048556407551,1944.750501003794,2202.6814488891478,,,,,,
116,KKH98,23,45,34.0,38,43,4,0.12300000000000001,27.01,0.09,-136.9,15.2,0.3,175.0,0.41,22.8,0.64,0.06,0.06,99.9,99.9,99.9,99.9,6.6,x,u,99.9,99.9,99.9,,2523.4807724805755,6600000.0,various,detected_mass,,ok,2416.1529564148223,1228.7805925749126,2313.363952460995,1268.4082608540398,2462.398968005395,1233.0840161259434,2285.6562279819655,1295.2379256897427,2351.490456520033,1232.6755947593006,2419.3573147865723,1271.7729400247702,2388.0896253006367,1300.7742197368289,2344.792660529211,1294.7878631644662,2374.8221370072456,1266.4931725123095,2526.0036733537227,1765.921618405713,,,,,,
117,UKS2323-326,23,26,27.5,-32,23,20,0.015,26.72,0.09,62.0,13.5,0.2,120.0,0.1,22.9,0.9,0.1,0.1,99.9,99.9,99.9,99.9,17.0,x,u,99.9,99.9,99.9,,2208.0047330188963,17000000.0,various,detected_mass,,"in galactic, Longmore et al. 1982 and then other refs listed for details on HI.  Given distance leave this",5744.176870165701,1812.2080123393384,5215.305337031967,1813.3510943706606,5877.44830863729,1809.3883261841638,4994.763338585609,1811.753071702048,5508.377724607478,1815.1937021683277,5552.607579004799,1806.7449638135317,5308.034539889358,1804.4369277576884,5195.390244232412,1807.98906496107,5431.068517234155,1809.9529081935352,2205.3972761352693,2142.497947344995,,,,,,
118,KK258,22,40,43.9,-30,47,59,0.011000000000000001,26.85,0.07,92.0,16.3,9.9,999.9,0.5,26.0,9.99,9.99,9.99,99.9,99.9,99.9,99.9,99.9,x,u,99.9,99.9,999.9,,2344.228815319923,869026.1108125001,hi4pi,upper_limit,0.0223357,ok,6123.561051412832,1952.9119164890553,5559.831964995728,1954.118183469138,6265.536184323512,1950.0291349018826,5324.715315378071,1952.5170342767192,5872.271870435094,1955.9647114560398,5919.217549463154,1947.3708031350936,5658.472574534858,1945.0505900825763,5538.498661372832,1948.67616117292,5789.75607654154,1950.6475125852107,2340.5100148850256,2283.164516493963,,,,,,
119,KKR3,14,7,10.5,35,3,37,0.013999999999999999,26.7,0.12,63.3,17.2,0.3,0.0,0.05,23.8,0.36,0.04,0.04,99.9,99.9,99.9,99.9,2.5,x,u,7.5,0.5,0.0,,2187.761623949552,2500000.0,various,detected_mass,,"in galactic, Begum et al. 2006 is the ref, probably fine, given distance leave it",5851.007234172894,1926.5912435251284,5333.1852678448995,1949.1490427280323,5977.8661323219485,1912.4666524951085,5114.88503327609,1952.1848785312504,5623.7221032483385,1945.0541863620078,5654.5562439252035,1914.968778144155,5411.422881510308,1916.7161121520305,5305.968341944277,1932.2946927285354,5539.860510712545,1929.894702596339,2186.640603789208,2461.303421638643,,,,,,
120,KKs3,2,24,44.4,-73,30,51,0.045,26.63,0.07,316.0,14.5,0.1,999.9,0.6,24.9,0.57,0.06,0.06,99.9,99.9,99.9,99.9,99.9,x,u,99.9,99.9,999.9,,2118.3611352485004,581479.1964775379,hi4pi,upper_limit,0.018302,ok,5344.06015588935,1855.0703942770078,4898.179583313734,1898.988297173651,5450.7819519490495,1831.116830116534,4708.790566947449,1907.8291294758494,5150.884968674587,1887.3245316160278,5168.258290872735,1841.3264982771923,4956.270661889334,1849.0436169327154,4869.091287353598,1874.4605418129481,5072.639535480338,1866.1013246825864,2115.945032081676,2548.821209451847,,,,,,
121,GR8,12,58,40.4,14,13,3,0.026000000000000002,26.69,0.12,213.9,14.5,0.2,61.0,0.2,22.6,0.32,0.04,0.04,99.9,99.9,99.9,99.9,11.0,x,u,7.0,0.2,0.0,,2177.709772353159,11000000.0,various,detected_mass,,,5142.143054412172,1899.1077675972888,4738.007760537883,1959.1199557269706,5236.931249532387,1867.4643941493903,4565.332427238228,1972.2276102768783,4968.992385026311,1941.7911098249951,4977.603202507812,1883.9114087661321,4783.4627343552165,1896.3554003221739,4707.290906958042,1929.1088948224783,4893.394645875182,1916.183053405588,2176.5049228940907,2695.496795431706,,,,,,
122,UGC9128,14,15,56.5,23,3,19,0.023,26.8,0.04,152.0,14.4,0.3,46.0,0.4,22.6,0.64,0.07,0.07,99.9,99.9,99.9,99.9,18.0,x,u,15.0,99.9,56.0,,2290.867652767775,18000000.0,various,detected_mass,,,5867.894993905662,2030.6138767784537,5367.906985448671,2069.5670745613884,5988.801542987388,2008.8610069236101,5156.30080608218,2077.0108164498693,5650.01597933456,2059.704529050456,5673.9427183695225,2017.3014663879487,5437.519202072726,2023.6308835771026,5338.044716948611,2046.7967736683931,5565.213987102403,2039.843481972881,2288.3778390790844,2683.2911234541875,,,,,,
123,UGC8508,13,30,44.4,54,54,36,0.015,27.06,0.03,56.0,13.7,0.1,120.0,0.45,21.5,0.42,0.04,0.04,99.9,99.9,99.9,99.9,29.0,x,u,99.9,99.9,31.2,,2582.260190634596,29000000.0,various,detected_mass,,ok,6914.11065454549,2248.206877719469,6279.618749319814,2252.1354213989994,7072.991700523046,2243.3665090538616,6014.360910799072,2250.7301168034614,6632.131241444387,2253.731527261321,6682.063276758571,2240.733893586868,6387.732255313768,2238.433511373711,6253.833249165995,2244.2081512234686,6537.387946971286,2246.075280070555,2583.7102581212207,2608.429560830406,,,,,,
124,IC3104,12,18,46.0,-79,43,34,0.41,26.78,0.18,429.0,12.8,9.9,45.0,0.52,23.3,2.01,9.99,9.99,99.9,99.9,99.9,99.9,13.0,x,u,99.9,99.9,999.9,,2269.8648518838213,13000000.0,various,detected_mass,,ok,4330.383585245121,1939.8102611395293,4070.328463917193,2032.4053525855395,4384.833176925103,1891.8662453902168,3955.493164928899,2053.8695683274195,4225.392006827335,2003.8638800595802,4207.973540393426,1921.3418867009993,4076.744089247642,1943.5057748406236,4036.7036336511082,1991.308947730257,4161.735828268798,1969.202302399451,2265.7314782049853,2929.2180133944685,,,,,,
125,DDO125,12,27,40.9,43,29,44,0.02,27.06,0.05,194.9,12.7,0.3,112.0,0.41,22.1,1.04,0.1,0.1,99.9,99.9,99.9,99.9,35.0,x,u,7.3,1.5,11.2,,2582.260190634596,35000000.0,various,detected_mass,,ok,6973.0482458220695,2309.097082900147,6342.9218752591805,2323.183125112,7129.2119957240575,2298.857277897898,6078.441250019793,2323.955782759044,6694.617047270439,2321.978294777667,6738.592168840227,2298.6945182758295,6444.634000570981,2298.3328751060817,6313.838571043908,2309.81443720496,6596.848648723459,2309.611955840201,2584.0753284243206,2763.5668258139085,,,,,,
126,UGCA86,3,59,48.3,67,8,19,0.938,27.36,0.17,67.0,14.2,9.9,25.0,0.32,22.8,0.94,9.99,9.99,99.9,99.9,99.9,99.9,860.0,x,u,8.8,1.0,122.0,,2964.831389524339,860000000.0,various,detected_mass,,"ok, tiny rh?",5147.355548573143,1984.2894271445061,4725.162549055224,2004.3171034011054,5262.77714645457,1987.4750374141804,4556.881904016347,2018.7657611231143,4950.481049733354,1985.1907821851155,5012.10870041238,2008.209048700438,4824.797654303684,2023.8475464552973,4725.545709708211,2019.716017343982,4905.91956511994,2004.4736430952403,2971.063368034624,2389.441442904198,,,,,,
127,DDO99,11,50,53.0,38,52,49,0.026000000000000002,27.07,0.14,251.0,13.9,0.1,70.0,0.29,22.9,0.9,0.09,0.09,99.9,99.9,99.9,99.9,52.0,x,u,99.9,99.9,99.9,,2594.179362118812,52000000.0,various,detected_mass,,ok,6971.854531498856,2331.705161086186,6346.613936322346,2350.2579944658623,7126.29354214525,2319.3179342146072,6083.887726829231,2352.168346949442,6696.094614449624,2347.5793527589,6737.877636069499,2320.5834118257885,6445.661524925844,2321.335019401199,6316.613909655159,2335.0222972586935,6597.87076338103,2333.683597206028,2596.5824044731417,2822.7319236681633,,,,,,
128,IC4662,17,47,8.8,-64,38,30,0.07,26.94,0.17,302.0,11.1,0.3,111.0,0.27,18.7,0.48,0.05,0.05,99.9,99.9,99.9,99.9,180.0,x,u,99.9,99.9,99.9,,2443.4305526939715,180000000.0,various,detected_mass,,ok,5285.7806120595615,2138.0133347414817,4899.302615742941,2213.473850024226,5374.76419181861,2098.605866612486,4733.442086054894,2230.5220884969312,5121.825854283016,2190.831101903908,5123.8294257804555,2121.313199652592,4936.491644958273,2138.406677825468,4866.189324014014,2178.2673785299953,5045.4705636875,2160.974842933575,2436.588514413974,3021.5488746665446,,,,,,
129,DDO190,14,24,43.4,44,31,33,0.012,27.23,0.03,150.0,12.8,0.1,82.0,0.1,21.4,0.64,0.06,0.06,99.9,99.9,99.9,99.9,43.0,x,u,10.0,2.4,24.7,,2792.5438412373364,43000000.0,various,detected_mass,,ok,7541.2347372989525,2501.746202820287,6854.3843037176775,2511.4787324372455,7712.253595931962,2493.6455640026034,6566.618548168075,2511.195253019862,7236.919847392964,2511.6288620549794,7287.699494063631,2492.250810322276,6968.122181776634,2490.9198997182884,6824.462704739643,2500.146809828658,7132.235016501398,2500.962344422952,2792.058953349635,2914.9872402709557,,,,,,
130,KKH86,13,54,33.5,4,14,35,0.027000000000000003,27.06,0.16,287.2,17.1,0.3,177.0,0.39,23.2,0.28,0.03,0.03,99.9,99.9,99.9,99.9,0.88,x,u,99.9,99.9,99.9,,2582.260190634596,880000.0,various,detected_mass,,,5636.5482782312065,2282.166928407026,5217.087832675223,2356.311189912775,5734.127543524354,2243.3255256237953,5037.7137892634555,2372.981077128952,5457.596495606278,2334.149885142331,5463.252301198998,2265.584527999222,5260.91906369535,2282.318169547584,5183.285605437636,2321.5796401348252,5377.016401190544,2304.6595888190554,2578.7044056890813,3153.93828670909,,,,,,
131,NGC4163,12,12,9.1,36,10,9,0.02,27.28,0.03,165.0,13.2,0.3,11.0,0.3,21.1,0.45,0.05,0.05,99.9,99.9,99.9,99.9,7.9,x,u,7.4,99.9,8.7,,2857.5905433749494,7900000.0,various,detected_mass,,ok,7613.556961210058,2599.9984335149024,6934.055201460073,2622.6474626698796,7781.308794411613,2585.6016503404153,6648.5521298688345,2625.594597759912,7313.9290592706375,2618.596951716902,7358.972056181954,2588.3185656035807,7041.308725855737,2590.1779653406875,6901.251440764174,2605.8374596484528,7206.961730596012,2603.4098012111745,2859.2947982758546,3117.205037153774,,,,,,
132,DDO113,12,14,57.9,36,13,8,0.02,27.35,0.06,284.0,16.4,0.3,999.9,0.0,24.0,0.7,0.07,0.07,99.9,99.9,99.9,99.9,48.0,x,u,99.9,99.9,99.9,(should be 2 based on what is written for time),2951.20922666639,48000000.0,various,detected_mass,,ok,7860.142575069483,2693.5352712745894,7157.944690155546,2716.097137746178,8033.633798007767,2679.153355689665,6863.004164967762,2719.00875918012,7550.36193364472,2712.0851240038,7597.3961724054325,2681.860892508695,7269.2688359890335,2683.7067739724407,7124.353386040712,2699.329239151554,7440.147753684431,2696.9247305841236,2952.8449939973825,3208.1431971206785,,,,,,
133,CetusIII,2,5,19.4,-4,16,12,,22.0,0.2,,19.55,0.6,101.0,0.76,,1.23,0.42,0.19,,,,,,,,,,,http://adsabs.harvard.edu/abs/2018PASJ...70S..18H,,,,,,,600.2503669761867,-106.99123460775402,583.7695531465218,-91.62814397447114,593.5565885692575,-116.52070310285575,568.1838616349999,-89.76408528655388,604.851774899442,-93.72291248323943,568.0711038526202,-117.20866292869076,549.1136456023345,-117.78654978772477,558.9566794449623,-106.06633141143884,576.5424868328925,-106.51303306758979,255.18260112970972,641.9147549671459,,,,,,
134,DESJ0225+0304,2,25,42.4,3,4,10,,16.88,0.06,,15.78,0.5,31.0,0.61,,2.68,1.33,0.7,,,,,,,,,,,http://adsabs.harvard.edu/abs/2017MNRAS.468...97L,,,,,,,464.155610538431,-242.0996668973247,503.51056864804167,-207.41485837025013,430.1699289242256,-257.950513297929,503.30212933664006,-197.90764775450506,503.8013477867344,-217.50307249338607,429.76752675731336,-254.3220444696084,429.4794193454566,-250.90815084583903,463.55249481602283,-230.42469241343994,463.8041869528782,-236.06906606627183,29.42420384033691,762.2746981718605,,,,,,
135,PictorII,6,44,43.2,-59,53,49,0.107,18.3,0.12,,15.1,0.5,14.0,0.13,,3.6,1.5,0.9,,,,,,,,,,,http://adsabs.harvard.edu/abs/2016ApJ...833L...5D,,,,,,,515.672471017461,-209.65855771881147,552.9599301246284,-169.433886995005,482.73578297416947,-227.32871905620317,552.1877649029549,-157.83359414372651,554.0358588286988,-181.8313734866198,481.27613873735123,-222.31570404791682,480.22919588674205,-217.64463152966565,513.4617077269492,-194.71147009075608,514.3851086485284,-201.91770492091788,46.75228830959606,805.6390894699427,,,,,,
136,VirgoI,12,0,9.6,0,40,48,19.7,19.7,0.3,,18.9,0.9,51.0,0.44,,1.5,0.4,0.4,,,,,,,,,,,http://adsabs.harvard.edu/abs/2016ApJ...832...21H,,,,,,,567.789648078028,-176.36195640829368,601.8947335483217,-131.16064889540206,536.3734702777951,-195.71541509501475,600.2185478979127,-117.84872847314058,604.2264485807841,-145.58566075475716,533.2672772732617,-189.39543924974967,531.0339773342133,-183.55167650061222,563.0389830934708,-158.4095722536321,565.0256345301697,-167.0336594139424,87.07901608583624,844.7454144052756,,,,,,
137,HydrusI,2,29,33.3,-79,18,32,,17.2,0.04,80.4,12.49,0.08,97.0,0.21,,7.42,0.62,0.54,2.7,0.5,,,,,,,,,http://adsabs.harvard.edu/abs/2018MNRAS.479.5343K,,,,,,,496.127757630331,-230.14121882586315,535.3106167340493,-190.5615611729965,462.2201090688401,-247.48996447334426,535.0518478793555,-179.0041792539581,535.6715771078101,-202.76448776058132,461.72580385866297,-242.72775527307556,461.37185595954196,-238.26136944366212,495.3829756822565,-215.65056905319898,495.69380624301397,-222.661953013362,25.729596755741955,793.5386426485704,25.545918916841362,0.600113282202759,238.56800658815686,70.43769628180324,5.4363395332138115e-06,2.2007662398543164e-06
138,CarinaII,7,36,25.5,-57,59,57,,17.79,0.05,477.2,13.29,0.1,170.0,0.34,,8.69,0.75,0.75,3.4,1.2,,,,,,,,,http://adsabs.harvard.edu/abs/2018MNRAS.475.5085T,,,,,,"ok, peak in Yong's other plot?",508.36608188476384,-219.35836146091154,546.7798493042737,-178.84674990510928,474.85302912563156,-237.04579453568533,546.312930364625,-167.00443955361806,547.430872486626,-191.41518766516248,473.9660488341422,-232.022183316044,473.330488652278,-227.32550889739642,507.02594718172867,-204.29211463448055,507.5854302237761,-211.57099810780696,37.34107219513344,802.7646793755071,27.225211139382317,1.3626664522309713,465.3039074840413,112.71768703396265,7.67653131198081e-06,3.1088161063638095e-06
139,CarinaIII,7,38,31.1,-57,53,59,,17.22,0.1,284.6,14.82,0.2,150.0,0.55,,3.75,1.0,1.0,5.6,4.3,,,,,,,,,http://adsabs.harvard.edu/abs/2018MNRAS.475.5085T,,,,,,ok,500.55518339249244,-227.01108189838726,539.5697978903193,-186.937597983522,466.73366329415444,-244.52142046398447,539.2654172245069,-175.19592358527794,539.9943418148871,-199.34645070248033,466.15324373191174,-239.63516648383157,465.7375712639722,-235.0561983697383,499.67988972801146,-212.22769850495123,500.0452150015446,-219.37870420380912,29.235509004767053,797.3071608471087,28.634661410828592,1.2800347960160843,513.7114020058841,242.58049695013761,2.0912982682632795e-05,9.287949799595686e-06
140,CraterII,11,49,14.4,-18,24,47,,20.35,0.02,87.5,12.15,0.1,,<0.1,,31.2,2.5,2.5,2.7,0.3,,,,,,,,,http://adsabs.harvard.edu/abs/2016MNRAS.459.2370T,,,,,,ok,603.4585371862162,-166.50402866671126,638.9596004420036,-111.95544136058865,571.2943631028724,-188.5672280896782,637.6474458432892,-94.91280552214738,640.7865111816043,-130.45038392582492,568.8718119640148,-180.1293696537136,567.1323840997486,-172.294608195106,599.7467231545362,-143.15639342371975,601.2979354101719,-154.40964616571435,116.45563044946137,885.8454871367769,29.285010654159496,12.768087674781828,125.6774846179512,7.008807581695774,6.883228813728493e-06,3.407428238347139e-06
141,AquariusII,22,33,55.5,-9,19,39,,20.16,0.07,-71.1,15.8,0.14,121.0,0.39,,5.1,0.8,0.8,5.4,3.4,,,,,,,,,http://adsabs.harvard.edu/abs/2016MNRAS.463..712T,,,,,,"ok, near edge",481.09828534424275,-188.6661489008047,507.42246112420895,-161.86640431211214,454.0247780749149,-202.21083415646575,503.7917701085289,-155.8264295968197,512.4468914208275,-168.50076735735092,447.30823121004386,-200.26026172249777,442.4406959654332,-198.44269781465675,470.81531415030815,-181.39027441807352,475.1320317687096,-184.86863431350312,105.12145477800242,727.780104819958,97.1849641694316,20.04180695642705,1249.6299306986998,889.4036526259874,2.5956639643288396e-05,2.2700239642436262e-05
