,GalaxyName,RA_hr,RA_min,RA_sec,Dec_deg,Dec_arcmin,Dec_arcsec,EB-V,m-M,m-M_err_pos,m-M_err_neg,vh(km/s),Vmag,Vmag_err_pos,Vmag_err_neg,PA,e=1-b/a,muVo,rh('),rh_err_pos,rh_err_neg,vsig_s_x,vsig_err_pos,vsig_err_neg,vrot_s,vrot_s_err_pos,vrot_s_err_neg,MHI,Data,Key,vsig_g,vsig_g_err_pos,vsig_g_err_neg,vrot_g,note,M-m,Notes,ra,dec,M_V,dist_kpc,M_dyn,M_star_x,vh_(km/s)_err,vsig_s_upper_limit,vsig_s_err,vh(km/s)_err,orb_pericenter,orb_apocenter,orb_eccentricity,orb_period,orb_period_type,orb_pericenter_ref,orb_pericenter_0.8,orb_apocenter_0.8,orb_eccentricity_0.8,tau_50,tau_90,vsig_s_ref,vsig_s_err_pos_ref,vsig_s_err_neg_ref,M_V_ref,rh_pc_ref,rh_pc_err_pos_ref,rh_pc_err_neg_ref,vh(km/s)_ref,dist_kpc_ref,refs,M_star_y,M_dyn_r_h,Other names,Morphology,dist_pc,dist_mpc,vsig_s_err_pos_x,vsig_s_err_neg_x,rh_pc,rh_pc_err_neg,rh_pc_err_pos,vsig_s_y,vsig_s_err_pos_y,vsig_s_err_neg_y
0,#TheGalaxy,17.0,45.0,40.0,-29.0,0.0,28.0,9.999,99.99,9.99,9.99,999.9,99.9,9.9,9.9,999.9,9.99,99.9,99.99,9.99,9.99,99.9,99.9,99.9,99.9,99.9,99.9,99.9,x,u,99.9,99.9,99.9,999.9,,,,,,,9.954054173515214e+17,,,,,,,,,,,,,,,,,,,,,,Other,,,,Other,,,,,,9.954054173515214e+20,995405417351521.4,,,2.8952247161945637e+19,,,,,
1,#*CanisMajor,7.0,12.0,35.0,-27.0,40.0,0.0,0.264,14.29,0.3,0.3,87.0,-0.1,0.8,0.8,123.0,9.99,24.0,99.99,9.99,9.99,20.0,3.0,3.0,99.9,99.9,99.9,99.9,x,u,99.9,99.9,99.9,999.9,,,,,,,7.21107479182899,,,,,,,,,,,,,,,,,,,,,,Other,,,,Other,,,,,,7211.07479182899,0.00721107479182899,,,209.74048969092595,,,,,
2,SagittariusdSph,18.0,55.0,19.5,-30.0,32.0,43.0,0.153,17.1,0.15,0.15,140.0,3.6,0.3,0.3,102.0,0.64,25.2,342.0,12.0,12.0,11.4,0.7,0.7,0.0,0.0,0.0,0.0,x,u,00.0,0.0,0.0,0.0,,17.1,"(I don’t understand where the limit in GP or Mateo is from, Spekkens has <7880 from GASS, K94 has <10000) SKIP THERE ARE DEEPER LIMITS FOR THE CORE ",,,,26.302679918953842,,,,,,,,,,,,,,,,,,,,,,Other,,,,Other,,21,190,,dSph,26302.679918953843,0.026302679918953843,,,2616.6872321379433,,,,,
3,TucanaIII,23.0,56.0,36.0,-59.0,36.0,0.0,9.999,17.01,0.16,0.16,-102.3,14.6,0.4,0.4,999.9,9.99,99.9,6.0,0.8,0.6,<1.2,99.9,99.9,99.9,99.9,99.9,99.9,x,u,99.9,99.9,99.9,999.9,,17.01,"- Simon et al. 2017 V_hel = -102 km/s, velocity dispersion of 0.1 km/s, D=25 kpc",,,-1.49,25.0,,,,1.2,,,2.0,33,0.86,0.7,value,,3.0,47,0.89,,,Simons,,,Simons,Simons,Simons,Simons,,Simons,,,,,,25000.0,0.025,,,37.0,-  9,9.0,<1.2,,
4,DracoII,15.0,52.0,47.6,64.0,33.0,55.0,0.016,16.9,0.3,0.3,-342.5,14.0,0.8,0.8,70.0,0.24,99.9,2.7,1.0,0.8,<5.9,99.9,99.9,99.9,99.9,99.9,99.9,x,u,99.9,99.9,99.9,999.9,,16.9,"- Martin et al. 2016 V_hel -347 km/s, dispersion of 2.9 km/s, (9 stars)",,,-0.8,21.5,,,,,,,19.0,62,0.53,,,,20.0,262,0.86,,,Simons,,,Simons,Simons,Simons,Simons,,Simons,,,,,,21500.0,0.0215,,,19.0,-  3,4.0,<5.9,,
5,Segue(I),10.0,7.0,4.0,16.0,4.0,55.0,0.031,16.8,0.2,0.2,208.5,15.3,0.8,0.8,85.0,0.48,27.6,4.4,1.2,0.6,3.9,0.8,0.8,0.0,0.0,0.0,1.67,gs,u,00.0,0.0,0.0,0.0,,16.8,"148+18s.mir stdev (0.04K/9.1K/Jy)*5 = 0.02 Jy limit  (from standard sqrt(.74/9.6) would have expected something more like 0.02K, it looks like the scan artifacts have probably caused this, emphasizes importance of checking each.  yes the baseline is really nasty, but it also looks like a 0.2K would stick out easily)  Spekkens quotes 5.5 mJy (5 sigma) so hers is much deeper, all of them look like they would be much deeper…. in theory should reach the alfalfa level of 2 mJy (1 sigma) in some regions of DR1.   Ah but she is using 15 km/s smooth (and width).  I get a segue mass limit of 25 with 0.02*10*.236*23^2 so factor of 10 on GP.   Probably stick with my method and just footnote Spekkens limit in table or text  I DON’T KNOW I THINK WHEN DEEPER WITH HER PAPER JUST ADOPT THAT",,,,22.90867652767775,,,,,,,,,,,,,,,,,,,,,,Other,,,,Other,,0.00034,0.26,,dSph,22908.676527677748,0.022908676527677748,,,29.320973520989625,,,,,
6,Reticulum2,3.0,35.0,42.1,-54.0,2.0,57.0,9.999,17.4,0.2,0.2,64.0,14.7,0.1,0.1,71.0,0.59,99.9,3.64,0.21,0.12,3.4,99.9,99.9,99.9,99.9,99.9,99.9,x,u,99.9,99.9,99.9,999.9,,17.4,"- Walker et al., Koposov et al. (2015), V_hel=64 km/s, dispersion 3.2-3.6 km/s, D=30 kpc",,,,30.19951720402013,,,,,,,,,,,,,,,,,,,,,,Other,,,,Other,,,,,,30199.51720402013,0.03019951720402013,,,31.976217765292205,,,,,
7,CetusII,1.0,17.0,52.8,-17.0,25.0,12.0,9.999,17.38,0.19,0.19,,17.4,0.7,0.7,999.9,9.99,99.9,1.9,1.0,0.5,,99.9,99.9,99.9,99.9,99.9,99.9,x,u,99.9,99.9,99.9,999.9,,17.38,NEW not seeing velocity ref for this one,,,0.0,30.0,,,,,,,,,,,,,,,,,,,,,Simons,Simons,Simons,Simons,,Simons,,,,,,30000.0,0.03,,,17.0,-  5,9.0,,,
8,TriangulumII,2.0,13.0,17.4,36.0,10.0,42.0,0.081,17.4,0.1,0.1,-381.7,15.6,0.5,0.5,56.0,0.21,99.9,3.9,1.1,0.9,<3.4,99.9,99.9,99.9,99.9,99.9,2.2,gs,u,99.9,99.9,99.9,999.9,,17.4,"36+34s.mir  Martin et al. v_hel = -384 km/s, disp controversial?  DOUBLE CHECK LIMIT from -650 to 650 km/s looks like GIZ is -80 to 30 km/s, not seeing anything in spectrum, stdev is pretty uniform 0.11K  (is the noise higher here because of the declination and stray, see what others have) (nice little group at 550-600 km/s)  (0.11K/9.1K/Jy) *5 = 0.06 Jy",,,-1.6,28.4,,,,3.4,,,16.0,92,0.71,10.0,lower_limit,Simons18 (GAIA),19.0,415,0.91,,,Simons,,,Simons,Simons,Simons,Simons,,Simons,,,,,,28400.0,0.0284,,,16.0,-  4,4.0,<3.4,,
9,UrsaMajorII,8.0,51.0,30.0,63.0,7.0,48.0,0.094,17.5,0.3,0.3,-116.5,13.3,0.5,0.5,98.0,0.63,27.9,16.0,1.0,1.0,5.6,1.4,1.4,0.0,0.0,0.0,0.0,x,u,00.0,0.0,0.0,0.0,,17.5,"130.0  60.0 CAR CAR_H07.fits stdev 0.02K, if back out is correct * 0.6 Jy/K = 0.012 Jy * 5 = 0.06 Jy for mass 0.06*10*.236*32^2 = 145 Msun  E 130.0 60.0 CAR CAR_D07.fit 0.05K  imstat gives a similar rms, back out gibes 0.05 K * 0.26 Jy/K = 0.013 Jy",,,-4.43,34.7,,,,,,,38.0,65,0.26,3.5,value,,39.0,196,0.67,,,Simons,,,Simons,Simons,Simons,Simons,,Simons,,0.0041,3.9,,dSph,34700.0,0.0347,1.4,-1.4,139.0,-  9,9.0,5.6,1.4,-1.4
10,BootesII,13.0,58.0,0.0,12.0,51.0,0.0,0.031,18.1,0.06,0.06,-117.0,15.4,0.9,0.9,145.0,0.21,28.1,4.2,1.4,1.4,10.5,7.4,7.4,99.9,99.9,99.9,2.26,gs,u,00.0,0.0,0.0,0.0,,18.1,212+10s.mir stdev 0.08K (rounded up),,,-2.94,42.0,,,,,,,38.0,167,0.63,10.0,lower_limit,,39.0,17206,0.996,,,Simons,,,Simons,Simons,Simons,Simons,,Simons,,0.0010,3.3,,dSph,42000.0,0.042,7.4,-7.4,39.0,-  5,5.0,10.5,7.4,-7.4
11,SegueII,2.0,19.0,16.0,20.0,10.0,31.0,0.185,17.7,0.1,0.1,-39.2,15.2,0.3,0.3,182.0,0.15,27.4,3.4,0.2,0.2,3.4,2.5,1.2,99.9,99.9,99.9,2.09,gs,u,99.9,99.9,99.9,999.9,,17.7,"36+18s.mir stdev 0.07K, could get lower with a USM here, get 0.18K in unsmoothed so I think would have expected 0.05K with factor above",,,,34.673685045253166,,,,,,,,,,,,,,,,,,,,,,Other,,,,Other,,0.00086,0.23,,dSph,34673.685045253165,0.034673685045253165,,,34.29293263147721,,,,,
12,Willman1,10.0,49.0,21.0,51.0,3.0,0.0,0.013999999999999999,17.9,0.4,0.4,-14.1,15.2,0.7,0.7,77.0,0.47,26.1,2.3,0.4,0.4,4.0,2.3,1.3,99.9,99.9,99.9,0.0,x,u,00.0,0.0,0.0,0.0,,17.9,,,,-2.9,45.0,,,,,,,44.0,53.0,0.19,1.2,value,,,,,,,Simons,,,Simons,Simons,Simons,Simons,,Simons,,0.0010,0.27,SDSS J1049+5103,dSph,45000.0,0.045,0.8,-0.8,33.0,-  8,8.0,4.0,0.8,-0.8
13,ComaBerenices,12.0,26.0,59.0,23.0,54.0,15.0,0.017,18.2,0.2,0.2,98.1,14.1,0.5,0.5,115.0,0.38,27.3,6.0,0.6,0.6,4.6,0.8,0.8,0.0,0.0,0.0,2.06,gs,u,00.0,0.0,0.0,0.0,,18.2,"188+26s.mir stdev 0.04K so same limit of 0.02 Jy (towards edge, but looks clear, same with baseline but 0.2K source would be booming) 0.02*10*.236*44^2 = 100 Msun",,,-4.28,42.0,,,,,,,43.0,242.0,0.7,3.7,value,,,,,,,Simons,,,Simons,Simons,Simons,Simons,,Simons,,0.0037,0.94,,dSph,42000.0,0.042,0.8,-0.8,69.0,-  4,5.0,4.6,0.8,-0.8
14,TucanaIV,0.0,2.0,55.2,-60.0,51.0,0.0,9.999,18.41,0.19,0.19,,14.9,0.3,0.3,11.0,0.4,99.9,9.1,1.7,1.4,,99.9,99.9,99.9,99.9,99.9,99.9,x,u,99.9,99.9,99.9,999.9,,18.41,- not seeing anything for this one,,,-3.5,48.0,,,,,,,,,,,,,,,,,,,,,Simons,Simons,Simons,Simons,,Simons,,,,,,48000.0,0.048,,,127.0,- 22,26.0,,,
15,BootesIII,13.0,57.0,12.0,26.0,48.0,0.0,0.021,18.35,0.1,0.1,197.5,12.6,0.5,0.5,90.0,0.5,31.3,99.99,9.99,9.99,10.7,3.2,3.2,99.9,99.9,99.9,99.9,x,u,99.9,99.9,99.9,999.9,,18.35,212+26s.mir stdev 0.04K again so 0.02 Jy,,,,46.77351412871986,,,,,,,,,,,,,,,,,,,,,,Other,,,,Other,,0.017,---,,dSph?,46773.51412871986,0.046773514128719856,,,1360.449037228041,,,,,
16,GrusII,22.0,4.0,4.8,-46.0,26.0,24.0,9.999,18.62,0.21,0.21,,14.7,0.2,0.2,999.9,9.99,99.9,6.0,0.9,0.5,,99.9,99.9,99.9,99.9,99.9,99.9,x,u,99.9,99.9,99.9,999.9,,18.62,- not seeing one,,,-3.9,53.0,,,,1.9,,,,,,,,,,,,,,,,,Simons,Simons,Simons,Simons,,Simons,,,,,,53000.0,0.053,,,93.0,- 12,16.0,,,
17,LMC,5.0,23.0,34.5,-69.0,45.0,22.0,0.9259999999999999,18.52,0.09,0.09,262.2,0.4,0.1,0.1,999.9,9.99,99.9,181.79999999999998,9.99,9.99,20.2,0.5,0.5,49.8,15.9,15.9,460.0,x,u,15.8,0.2,0.2,63.0,,18.52,,,,,50.58246620031137,,,,,,,,,,,,,,,,,,,,,,Other,,,,Other,,1500,,Nubecula Major,Irr,50582.46620031137,0.05058246620031137,,,2674.9741415799886,,,,,
18,TucanaV,23.0,37.0,24.0,-63.0,16.0,12.0,9.999,18.71,0.34,0.34,,17.1,0.5,0.5,30.0,0.7,99.9,1.0,0.3,0.3,,99.9,99.9,99.9,99.9,99.9,99.9,x,u,99.9,99.9,99.9,999.9,,18.71,"- not seeing one, Conn et al. 2018 says chance could be grouping of stars assoc with SMC",,,-1.6,55.0,,,,,,,,,,,,,,,,,,,,,Simons,Simons,Simons,Simons,,Simons,,,,,,55000.0,0.055,,,16.0,-  5,5.0,,,
19,Tucana2,22.0,51.0,55.1,-58.0,34.0,8.0,9.999,18.8,0.2,0.2,-129.0,15.0,0.1,0.1,107.0,0.39,99.9,9.83,1.66,1.11,8.5,99.9,99.9,99.9,99.9,99.9,99.9,x,u,99.9,99.9,99.9,999.9,,18.8,"- Walker et al. 2016, v_hel= -129 km/s, disp ~ 8.5 km/s",,,,57.54399373371572,,,,,,,,,,,,,,,,,,,,,,Other,,,,Other,,,,,,57543.993733715724,0.05754399373371572,,,164.54293023123424,,,,,
20,SagittariusII,19.0,52.0,40.5,-22.0,4.0,5.0,0.09699999999999999,19.13,0.15,0.15,,13.9,0.4,0.4,72.0,0.23,99.9,2.0,0.4,0.3,,99.9,99.9,99.9,99.9,99.9,99.9,x,u,99.9,99.9,99.9,999.9,,19.13,"- not seeing anything,Laevens et al. 2015 discovery paper makes it sound like it could be a weird one again",,,-5.2,70.1,,,,,,,,,,,,,,,,,,,,,Simons,Simons,Simons,Simons,,Simons,,,,,,70100.0,0.0701,,,33.0,-  2,2.0,,,
21,SMC,0.0,52.0,44.8,-72.0,49.0,43.0,0.419,19.03,0.12,0.12,145.6,2.2,0.2,0.2,999.9,9.99,99.9,59.4,9.99,9.99,27.6,0.5,0.5,0.0,0.0,0.0,460.0,x,u,22.0,2.0,2.0,60.0,,19.03,,,,,63.97348354826482,,,,,,,,,,,,,,,,,,,,,,Other,,,,Other,,460,,Nubecula Minor,dIrr,63973.48354826482,0.06397348354826482,,,1105.381404339155,,,,,
22,Bootes(I),14.0,0.0,6.0,14.0,30.0,0.0,0.017,19.11,0.08,0.08,99.0,12.8,0.2,0.2,14.0,0.39,27.5,12.6,1.0,1.0,2.4,0.9,0.5,99.9,99.9,99.9,2.76,gs,u,00.0,0.0,0.0,0.0,,19.11,212+10s.mir (at edge)  stdev 0.08K (0.073-0.075),,,,66.37430704019089,,,,,,,,,,,,,,,,,,,,,,Other,,,,Other,,0.029,0.81,,dSph,66374.30704019089,0.06637430704019089,,,243.2743127645714,,,,,
23,Draco,17.0,20.0,12.4,57.0,54.0,55.0,0.027000000000000003,19.4,0.17,0.17,-290.7,10.6,0.2,0.2,89.0,0.31,25.0,10.0,0.3,0.3,9.1,1.2,1.2,0.0,0.0,0.0,0.0,x,u,00.0,0.0,0.0,0.0,,19.4,,,,-8.88,82.0,,,,,,,21.0,97.0,0.66,1.4,value,,,,,,10232929922.807537,Simons,,,Simons,Simons,Simons,Simons,,Simons,,0.29,11,UGC 10822,dSph,82000.0,0.082,1.2,-1.2,231.0,- 17,17.0,9.1,1.2,-1.2
24,UrsaMinor,15.0,9.0,8.5,67.0,13.0,21.0,0.032,19.4,0.1,0.1,-247.2,10.6,0.5,0.5,53.0,0.56,26.0,8.2,1.2,1.2,9.5,1.2,1.2,0.0,0.0,0.0,0.0,x,u,00.0,0.0,0.0,0.0,,19.4,,,,-9.03,76.0,,,,,,,,,,,,,,,,,9120108393.559114,Simons,,,Simons,Simons,Simons,Simons,,Simons,,,,UGC 9749,dSph,76000.0,0.076,1.2,-1.2,405.0,- 21,21.0,9.5,1.2,-1.2
25,HorologiumII,3.0,16.0,32.1,-50.0,1.0,5.0,9.999,19.46,0.2,0.2,,16.9,0.2,0.3,127.0,0.52,99.9,2.09,0.44,0.41,,99.9,99.9,99.9,99.9,99.9,99.9,x,u,99.9,99.9,99.9,999.9,,19.46,"- no seeing, Kim & Jerjen 2015 discovery paper",,,-1.56,78.0,,,,,,,,,,,,,,,,,,,,,Simons,Simons,Simons,Simons,,Simons,,,,,,78000.0,0.078,,,44.0,- 14,15.0,,,
26,Horologium1,2.0,55.0,31.7,-54.0,7.0,8.0,9.999,19.5,0.2,0.2,113.0,16.1,0.1,0.1,999.9,9.99,99.9,1.31,0.19,0.14,5.0,99.9,99.9,99.9,99.9,99.9,99.9,x,u,99.9,99.9,99.9,999.9,,19.5,"- Koposov et al. 2015 v_hel = 113 km/s, disp 5 km/s, D=79 kpc",,,,79.43282347242814,,,,,,,,,,,,,,,,,,,,,,Other,,,,Other,,,,,,79432.82347242814,0.07943282347242814,,,30.268925532362992,,,,,
27,Eridanus3,2.0,22.0,45.5,-52.0,17.0,1.0,9.999,19.7,0.2,0.2,999.9,17.7,0.3,0.3,83.0,0.27,99.9,0.54,0.5,0.1,99.9,99.9,99.9,99.9,99.9,99.9,99.9,x,u,99.9,99.9,99.9,999.9,,19.7,"- not seeing, Conn et al. says maybe star cluster",,,,87.09635899560806,,,,,,,,,,,,,,,,,,,,,,Other,,,,Other,,,,,,87096.35899560805,0.08709635899560805,,,13.681051227584426,,,,,
28,Phoenix2,23.0,39.0,59.4,-54.0,24.0,22.0,9.999,19.6,0.2,0.2,999.9,16.8,0.2,0.2,164.0,0.47,99.9,1.09,0.26,0.16,99.9,99.9,99.9,99.9,99.9,99.9,99.9,x,u,99.9,99.9,99.9,999.9,,19.6,- not seeing,,,,83.17637711026715,,,,,,,,,,,,,,,,,,,,,,Other,,,,Other,,,,,,83176.37711026716,0.08317637711026717,,,26.372555028780805,,,,,
29,Sculptor,1.0,0.0,9.4,-33.0,42.0,33.0,0.018000000000000002,19.67,0.14,0.14,111.4,8.6,0.5,0.5,99.0,0.32,23.5,11.3,1.6,1.6,9.2,1.4,1.4,0.0,0.0,0.0,0.22,x,u,00.0,0.0,0.0,0.0,,19.67,,,,-10.82,86.0,,,,,,,,,,,,,,,,,10715193052.376049,Simons,,,Simons,Simons,Simons,Simons,,Simons,,2.3,14,,dSph,86000.0,0.086,1.1,-1.1,279.0,- 16,16.0,9.2,1.1,-1.1
30,Sextans(I),10.0,13.0,3.0,-1.0,36.0,53.0,0.047,19.67,0.1,0.1,224.2,10.4,0.5,0.5,56.0,0.35,27.1,27.8,1.2,1.2,7.9,1.3,1.3,0.0,0.0,0.0,0.0,x,u,00.0,0.0,0.0,0.0,,19.67,(too south for g),,,,85.90135215053961,,,,,,,,,,,,,,,,,,,,,,Other,,,,Other,,0.44,25,,dSph,85901.3521505396,0.08590135215053961,,,694.6571419634939,,,,,
31,ReticulumIII,3.0,45.0,26.4,-60.0,27.0,0.0,9.999,19.81,0.31,0.31,,16.5,0.3,0.3,999.9,9.99,99.9,2.4,0.9,0.8,,99.9,99.9,99.9,99.9,99.9,99.9,x,u,99.9,99.9,99.9,999.9,,19.81,- not seeing,,,-3.3,92.0,,,,,,,,,,,,,,,,,,,,,Simons,Simons,Simons,Simons,,Simons,,,,,,92000.0,0.092,,,64.0,- 23,26.0,,,
32,Indus1,21.0,8.0,49.1,-51.0,9.0,56.0,9.999,20.0,0.2,0.2,999.9,16.5,0.2,0.2,999.9,9.99,99.9,1.26,0.45,0.27,99.9,99.9,99.9,99.9,99.9,99.9,99.9,x,u,99.9,99.9,99.9,999.9,,20.0,-  ,,,,100.0,,,,,,,,,,,,,,,,,,,,,,Other,,,,Other,,,,,,100000.0,0.1,,,36.651879863282666,,,,,
33,UrsaMajor(I),10.0,34.0,52.8,51.0,55.0,12.0,0.02,19.93,0.1,0.1,-55.3,14.4,0.3,0.3,71.0,0.8,27.7,11.3,1.7,1.7,7.6,1.0,1.0,99.9,99.9,99.9,0.0,x,u,00.0,0.0,0.0,0.0,,19.93,,,,,96.82778562612486,,,,,,,,,,,,,,,,,,,,,,Other,,,,Other,,0.014,11,,dSph,96827.78562612487,0.09682778562612487,,,318.27619157158347,,,,,
34,Grus1,22.0,56.0,42.4,-50.0,9.0,48.0,9.999,20.4,0.2,0.2,-141.0,17.0,0.3,0.3,4.0,0.41,99.9,1.77,0.85,0.39,2.9,99.9,99.9,99.9,99.9,99.9,99.9,x,u,99.9,99.9,99.9,999.9,,20.4,Walker et al. (2016) v_hel = -140.5 km/s,,,,120.22644346174131,,,,,,,,,,,,,,,,,,,,,,Other,,,,Other,,,,,,120226.4434617413,0.1202264434617413,,,61.901186801623766,,,,,
35,Pictoris1,4.0,43.0,47.4,-50.0,16.0,59.0,9.999,20.3,0.2,0.2,999.9,17.2,0.3,0.3,78.0,0.47,99.9,0.88,0.27,0.13,99.9,99.9,99.9,99.9,99.9,99.9,99.9,x,u,99.9,99.9,99.9,999.9,,20.3,- not seeing,,,,114.8153621496884,,,,,,,,,,,,,,,,,,,,,,Other,,,,Other,,,,,,114815.3621496884,0.1148153621496884,,,29.390595212486595,,,,,
36,Carina,6.0,41.0,36.7,-50.0,57.0,58.0,0.061,20.11,0.13,0.13,222.9,11.0,0.5,0.5,65.0,0.33,25.5,8.2,1.2,1.2,6.6,1.2,1.2,0.0,0.0,0.0,0.0,x,u,00.0,0.0,0.0,0.0,,20.11,,,,-9.45,106.0,,,,,,,,,,,,,,,,,2884031503.1266117,Simons,,,Simons,Simons,Simons,Simons,,Simons,,0.38,6.3,,dSph,106000.0,0.106,1.2,-1.2,311.0,- 15,15.0,6.6,1.2,-1.2
37,Hercules,16.0,31.0,2.0,12.0,47.0,30.0,0.063,20.6,0.2,0.2,45.0,14.0,0.3,0.3,102.0,0.68,27.2,8.6,1.8,1.1,5.1,0.9,0.9,99.9,99.9,99.9,3.41,gs,u,00.0,0.0,0.0,0.0,,20.6,244+10s  stdev 0.08K,,,-5.83,132.0,,,,,,,,,,,,,,,,,12589254117.941662,Simons,,,Simons,Simons,Simons,Simons,,Simons,,0.037,2.6,,dSph,132000.0,0.132,0.9,-0.9,216.0,- 20,20.0,5.1,0.9,-0.9
38,HydraII,12.0,21.0,42.1,-31.0,59.0,7.0,0.053,20.64,0.16,0.16,303.1,15.8,0.3,0.3,28.0,0.01,99.9,1.7,0.3,0.2,<3.6,99.9,99.9,99.9,99.9,99.9,99.9,x,u,99.9,99.9,99.9,999.9,,20.64,,,,-4.86,151.0,,,,3.6,,,116.0,676,0.89,,,,135.0,17518,0.985,,,Simons,,,Simons,Simons,Simons,Simons,,Simons,,,,,,151000.0,0.151,,,67.0,- 13,13.0,<3.6,,
39,Fornax,2.0,39.0,59.3,-34.0,26.0,57.0,0.021,20.84,0.18,0.18,55.2,7.4,0.3,0.3,41.0,0.3,23.3,16.6,1.2,1.2,11.7,0.9,0.9,0.0,0.0,0.0,0.17,x,u,00.0,0.0,0.0,0.0,,20.84,,,,-13.34,139.0,,,,,,,118.0,152.0,0.13,3.2,value,,,,,,2398832919.019495,Simons,,,Simons,Simons,Simons,Simons,,Simons,,20,56,,dSph,139000.0,0.139,0.9,-0.9,792.0,- 18,18.0,11.7,0.9,-0.9
40,LeoIV,11.0,32.0,57.0,0.0,32.0,0.0,0.026000000000000002,20.94,0.09,0.09,132.3,15.1,0.4,0.4,121.0,0.49,27.5,4.6,0.8,0.8,3.3,1.7,1.7,99.9,99.9,99.9,3.36,gs,u,00.0,0.0,0.0,0.0,,20.94,172+2  stdev 0.095K noisier region getting into galactic,,,-4.99,154.0,,,,,,,150.0,1794,0.95,,,,153.0,26071,0.989,,11220184543.019653,Simons,,,Simons,Simons,Simons,Simons,,Simons,,0.019,1.3,,dSph,154000.0,0.154,1.7,-1.7,114.0,- 13,13.0,3.3,1.7,-1.7
41,CanesVenaticiII,12.0,57.0,10.0,34.0,19.0,15.0,0.01,21.02,0.06,0.06,-128.9,16.1,0.5,0.5,177.0,0.52,26.1,1.6,0.3,0.3,4.6,1.0,1.0,99.9,99.9,99.9,0.0,x,u,00.0,0.0,0.0,0.0,,21.02,196+34 stdev 0.076K,,,-5.17,160.0,,,,,,,,,,,,,,,,,,Simons,,,Simons,Simons,Simons,Simons,,Simons,,0.0079,0.91,SDSS J1257+3419,dSph,160000.0,0.16,1.0,-1.0,71.0,- 11,11.0,4.6,1.0,-1.0
42,LeoV,11.0,31.0,9.6,2.0,13.0,12.0,0.027000000000000003,21.25,0.12,0.12,170.9,16.0,0.4,0.4,96.0,0.5,27.1,2.6,0.6,0.6,2.3,2.3,1.4,99.9,99.9,99.9,0.0,x,u,00.0,0.0,0.0,0.0,,21.25,172+2 stdev 0.08K rounding up,,,-4.29,169.0,,,,,,,165.0,4079,0.96,,,,168.0,27704,0.988,,,Simons,,,Simons,Simons,Simons,Simons,,Simons,,0.011,1.1,,dSph,169000.0,0.169,3.2,-1.6,49.0,- 16,16.0,2.3,3.2,-1.6
43,PiscesII,22.0,58.0,31.0,5.0,57.0,9.0,0.065,21.3,9.99,9.99,-226.5,16.3,0.5,0.5,77.0,0.4,25.7,1.1,0.1,0.1,5.4,99.9,99.9,99.9,99.9,99.9,99.9,x,u,99.9,99.9,99.9,999.9,,21.3,"348+2s.mir - Kirby et al. (2015) -226.5 km/s, dis = 5.4 km/s 0.04K except about 30 km/s to -80 (nasty baseline, mag st through region, clear at position, but interesting that diffuse elevated) ",,,-4.23,183.0,,,,,,,171.0,31214,0.992,,,,173.0,41983,0.992,,,Simons,,,Simons,Simons,Simons,Simons,,Simons,,0.0086,,,dSph,183000.0,0.183,3.6,-2.4,60.0,- 10,10.0,5.4,3.6,-2.4
44,ColumbaI,5.0,31.0,26.4,-28.0,1.0,48.0,9.999,21.3,0.22,0.22,,16.8,0.2,0.2,999.9,9.99,99.9,1.9,0.5,0.4,,99.9,99.9,99.9,99.9,99.9,99.9,x,u,99.9,99.9,99.9,999.9,,21.3,- not velocity,,,-4.2,183.0,,,,,,,,,,,,,,,,,,,,,Simons,Simons,Simons,Simons,,Simons,,,,,,183000.0,0.183,,,117.0,- 12,12.0,,,
45,Pegasus3,22.0,24.0,22.6,5.0,25.0,12.0,9.999,21.56,0.2,0.2,-223.0,17.5,0.5,0.5,133.0,0.46,99.9,1.3,0.5,0.4,5.4,99.9,99.9,99.9,99.9,99.9,3.43,g,unv,99.9,99.9,99.9,999.9,,21.56,340+2s.mir - not seeing  ~0.06K void 30 to -60 km/s about,,,,205.11621788255627,,,,,,,,,,,,,,,,,,,,,,Other,,,,Other,,,,,,205116.21788255626,0.20511621788255627,,,77.56558308408789,,,,,
46,IndusI?,20.0,38.0,52.8,-46.0,9.0,36.0,9.999,21.65,0.16,0.16,999.9,17.4,0.2,0.2,999.9,9.99,99.9,2.9,1.1,1.0,99.9,99.9,99.9,99.9,99.9,99.9,99.9,x,u,99.9,99.9,99.9,999.9,,21.65,- not seeing,,,,213.79620895022325,,,,,,,,,,,,,,,,,,,,,,Other,,,,Other,,,,,,213796.20895022326,0.21379620895022325,,,180.35313968602935,,,,,
47,CanesVenatici(I),13.0,28.0,3.5,33.0,33.0,21.0,0.013999999999999999,21.69,0.1,0.1,30.9,13.1,0.2,0.2,70.0,0.39,27.1,8.9,0.4,0.4,7.6,0.4,0.4,99.9,99.9,99.9,3.6,gs,u,00.0,0.0,0.0,0.0,,21.69,"204+34 0.06K would benefit from unsharp mask as close to Galactic, baselines generally look quite good, but can see Josh’s point on velocity on-off on this one as baseline going up and down with position",,,,217.7709772353159,,,,,,,,,,,,,,,,,,,,,,Other,,,,Other,,0.23,19,,dSph,217770.97723531592,0.2177709772353159,,,563.7878546707328,,,,,
48,LeoII,11.0,13.0,28.8,22.0,9.0,6.0,0.017,21.84,0.13,0.13,78.3,12.0,0.3,0.3,12.0,0.13,24.2,2.6,0.6,0.6,7.4,0.7,0.7,99.9,99.9,99.9,0.0,x,u,00.0,0.0,0.0,0.0,,21.84,172+18  0.08K towards edge of the cube,,,-9.74,233.0,,,,,,,41.0,238,0.73,,,,67.0,248,0.67,,6456542290.346562,Simons,,,Simons,Simons,Simons,Simons,,Simons,,0.74,4.6,Leo B,dSph,233000.0,0.233,0.4,-0.4,171.0,- 10,10.0,7.4,0.4,-0.4
49,LeoI,10.0,8.0,28.1,12.0,18.0,23.0,0.036000000000000004,22.02,0.13,0.13,282.9,10.0,0.3,0.3,79.0,0.21,22.6,3.4,0.3,0.3,9.2,1.4,1.4,0.0,0.0,0.0,4.02,gs,u,00.0,0.0,0.0,0.0,,22.02,156+10  0.09K towards edge,,,-11.78,254.0,,,,,,,45.0,590,0.87,,,,63.0,>500,0.96,,1698243652.461746,Simons,,,Simons,Simons,Simons,Simons,,Simons,,5.5,12,UGC 5470,dSph,254000.0,0.254,0.4,-0.4,270.0,- 16,17.0,9.2,0.4,-0.4
50,#Andromeda,0.0,42.0,44.3,41.0,16.0,9.0,0.684,24.47,0.07,0.07,-300.0,99.9,9.9,9.9,999.9,9.99,99.9,99.99,9.99,9.99,99.9,99.9,99.9,99.9,99.9,99.9,99.9,x,u,99.9,99.9,99.9,99.9,,,,,,,783.4296427662119,,,,,,,,,,,,,,,,,,,,,,Other,,,,Other,,,,,,783429.642766212,0.783429642766212,,,22786.744231021315,,,,,
51,M32,0.0,42.0,41.8,40.0,51.0,55.0,0.154,24.53,0.21,0.21,-199.0,8.1,0.1,0.1,159.0,0.25,11.1,0.47,0.05,0.05,92.0,5.0,5.0,55.0,3.0,3.0,0.0,x,u,00.0,0.0,0.0,0.0,,24.53,,,,,805.3784411990677,,,,,,,44.0,77.0,0.27,,,,,,,,1698243652.461746,,,,,Other,,,,Other,,320,540,NGC 221,cE,805378.4411990676,0.8053784411990677,,,110.1091898374116,,,,,
52,AndromedaIX,0.0,52.0,53.0,43.0,11.0,45.0,0.075,24.42,0.07,0.07,-209.4,16.3,1.1,1.1,999.9,9.99,28.0,2.5,0.1,0.1,10.9,2.0,2.0,99.9,99.9,99.9,0.0,x,u,00.0,0.0,0.0,0.0,,24.42,,,,,765.5966069112569,,,,,,,118.0,186.0,0.23,,,,,,,7200000000.0,5100000000.0,,,,,Other,,,,Other,,0.15,6.5,,dSph,765596.6069112569,0.7655966069112569,,,556.7570408779412,,,,,
53,NGC205,0.0,40.0,22.1,41.0,41.0,7.0,0.085,24.58,0.07,0.07,-246.0,8.1,0.1,0.1,28.0,0.43,19.2,2.46,0.1,0.1,35.0,5.0,5.0,11.0,5.0,5.0,0.4,x,u,16.1,99.9,99.9,0.0,,24.58,,,,,824.1381150130012,,,,,,,57.0,87.0,0.21,,,,,,,,2187761623.949552,,,,,Other,,,,Other,,330,420,M110,dE/dSph,824138.1150130013,0.8241381150130013,,,589.7403135574091,,,,,
54,AndromedaI,0.0,45.0,39.8,38.0,2.0,28.0,0.053,24.36,0.07,0.07,-376.3,12.5,0.1,0.1,22.0,0.22,24.7,3.1,0.3,0.3,10.2,1.9,1.9,99.9,99.9,99.9,0.0,x,u,00.0,0.0,0.0,0.0,,24.36,,,,,744.7319739059889,,,,,,,59.0,90.0,0.21,,,,,,,12600000000.0,7400000000.0,,,,,Other,,,,Other,,3.9,44,,dSph,744731.9739059889,0.7447319739059889,,,671.5639936320458,,,,,
55,AndromedaXVII,0.0,37.0,7.0,44.0,19.0,20.0,0.07400000000000001,24.31,0.11,0.08,-251.6,15.8,0.4,0.4,122.0,0.27,25.7,1.24,0.08,0.08,2.9,2.2,1.9,99.9,99.9,99.9,0.0,x,u,00.0,0.0,0.0,0.0,,24.31,,,,,727.7798045368243,,,,,,,,,,,,,,,,13200000000.0,10500000000.0,,,,,Other,,,,Other,,0.26,---,,dSph,727779.8045368242,0.7277798045368242,,,262.51093233238663,,,,,
56,AndromedaXXVII,0.0,37.0,27.1,45.0,23.0,13.0,0.08,24.59,0.12,0.12,-539.6,16.7,0.5,0.5,150.0,0.4,27.6,1.8,0.3,0.3,14.8,4.3,3.1,99.9,99.9,99.9,99.9,x,u,99.9,99.9,99.9,99.9,,24.59,,,,,827.9421637123345,,,,,,,69.0,101.0,0.19,,,,,,,,,,,,,Other,,,,Other,,0.12,---,,dSph,827942.1637123345,0.8279421637123344,,,433.50909597329706,,,,,
57,AndromedaIII,0.0,35.0,33.8,36.0,29.0,52.0,0.055999999999999994,24.37,0.07,0.07,-344.3,14.2,0.3,0.3,136.0,0.52,24.8,2.2,0.2,0.2,9.3,1.4,1.4,99.9,99.9,99.9,0.0,x,u,00.0,0.0,0.0,0.0,,24.37,"004+34, m31",,,,748.1695005111552,,,,,,,70.0,111.0,0.23,,,,,,,11700000000.0,8700000000.0,,,,,Other,,,,Other,,0.83,6.1,,dSph,748169.5005111552,0.7481695005111553,,,478.7936589701233,,,,,
58,AndromedaXXV,0.0,30.0,8.9,46.0,51.0,7.0,0.10099999999999999,24.55,0.12,0.12,-107.8,14.8,0.5,0.5,170.0,0.25,27.1,3.0,0.2,0.2,3.0,1.2,1.1,99.9,99.9,99.9,99.9,x,u,99.9,99.9,99.9,99.9,,24.55,,,,,812.8305161640995,,,,,,,85.0,130.0,0.2,,,,,,,8700000000.0,5800000000.0,,,,,Other,,,,Other,,0.68,---,,dSph,812830.5161640996,0.8128305161640995,,,709.3277720870624,,,,,
59,AndromedaXXVI,0.0,23.0,45.6,47.0,54.0,58.0,0.11,24.41,0.12,0.12,-261.6,17.3,0.5,0.5,145.0,0.25,27.4,1.0,0.1,0.1,8.6,2.8,2.2,99.9,99.9,99.9,99.9,x,u,99.9,99.9,99.9,99.9,,24.41,,,,,762.0790100254115,,,,,,,168.0,265.0,0.23,,,,,,,12900000000.0,9100000000.0,,,,,Other,,,,Other,,0.060,---,,dSph,762079.0100254115,0.7620790100254115,,,221.67958985540295,,,,,
60,AndromedaV,1.0,10.0,17.1,47.0,37.0,41.0,0.125,24.44,0.08,0.08,-403.0,14.9,0.2,0.2,32.0,0.18,25.3,1.4,0.2,0.2,11.5,5.3,4.4,99.9,99.9,99.9,0.0,x,u,00.0,0.0,0.0,0.0,,24.44,,,,,772.6805850957021,,,,,,,88.0,140.0,0.23,,,,,,,,7413102413.009162,,,,,Other,,,,Other,,0.39,---,,dSph,772680.5850957021,0.7726805850957021,,,314.66884419576263,,,,,
61,AndromedaXI,0.0,46.0,20.0,33.0,48.0,5.0,0.08,24.33,0.05,0.05,-419.6,17.5,1.2,1.2,999.9,9.99,26.5,0.71,0.03,0.03,4.6,99.9,99.9,99.9,99.9,99.9,0.0,x,u,00.0,0.0,0.0,0.0,,24.33,"012+34, m31",,,,734.5138681571144,,,,,,,125.0,193.0,0.22,,,,,,,13200000000.0,7400000000.0,,,,,Other,,,,Other,,0.049,1.9,,dSph,734513.8681571144,0.7345138681571144,,,151.69946807986364,,,,,
62,AndromedaXIX,0.0,19.0,32.1,35.0,2.0,37.0,0.062,24.57,0.08,0.43,-111.6,15.6,0.6,0.6,37.0,0.17,29.3,6.2,0.1,0.1,13.8,1.6,1.4,99.9,99.9,99.9,5.13,gs,u,99.9,99.9,99.9,99.9,,24.57,"004+34, m31",,,,820.3515443298177,,,,,,,,,,,,,,,,,,,,,,Other,,,,Other,,0.43,---,,dSph,820351.5443298176,0.8203515443298176,,,1479.5082757166372,,,,,
63,AndromedaXXIII,1.0,29.0,21.8,38.0,43.0,8.0,0.066,24.43,0.13,0.13,-237.7,14.2,0.5,0.5,138.0,0.4,28.0,4.6,0.2,0.2,7.1,1.0,1.0,99.9,99.9,99.9,99.9,x,u,99.9,99.9,99.9,99.9,,24.43,,,,,769.1304402866098,,,,,,,,,,,,,,,,6800000000.0,5100000000.0,,,,,Other,,,,Other,,1.1,---,,dSph,769130.4402866098,0.7691304402866098,,,1029.1615228909623,,,,,
64,AndromedaXX,0.0,7.0,30.7,35.0,7.0,56.0,0.059000000000000004,24.35,0.12,0.16,-456.2,18.2,0.8,0.8,80.0,0.3,26.2,0.53,0.14,0.04,7.1,3.9,2.5,99.9,99.9,99.9,99.9,x,u,99.9,99.9,99.9,99.9,,24.35,004+34,,,,741.3102413009177,,,,,,,,,,,,,,,,10200000000.0,6900000000.0,,,,,Other,,,,Other,,0.029,---,,dSph,741310.2413009177,0.7413102413009177,,,114.28824896792564,,,,,
65,AndromedaXIII,0.0,51.0,51.0,33.0,0.0,16.0,0.08199999999999999,24.62,0.05,0.05,-185.4,18.1,1.2,1.2,999.9,9.99,27.3,0.78,0.08,0.08,5.8,2.0,2.0,99.9,99.9,99.9,0.0,x,u,00.0,0.0,0.0,0.0,(206)(207),24.62,012+34,,,,839.4599865193982,,,,,,,163.0,253.0,0.22,,,,,,,9100000000.0,6500000000.0,,,,,Other,,,,Other,,0.041,11,,dSph,839459.9865193982,0.8394599865193981,,,190.46725023202114,,,,,
66,AndromedaX,1.0,6.0,33.7,44.0,48.0,16.0,0.129,24.13,0.08,0.13,-164.1,16.6,1.0,1.0,46.0,0.44,26.3,1.3,0.1,0.1,6.4,1.4,1.4,99.9,99.9,99.9,0.0,x,u,00.0,0.0,0.0,0.0,201)(202),24.13,,,,,669.8846094165258,,,,,,,116.0,181.0,0.22,,,,,,,9500000000.0,6500000000.0,,,,,Other,,,,Other,,0.096,2.3,,dSph,669884.6094165258,0.6698846094165258,,,253.31975630615477,,,,,
67,AndromedaXXI,23.0,54.0,47.7,42.0,28.0,15.0,0.09300000000000001,24.59,0.06,0.07,-362.5,14.8,0.6,0.6,110.0,0.2,27.0,3.5,0.3,0.3,4.5,1.2,1.0,99.9,99.9,99.9,99.9,x,u,99.9,99.9,99.9,99.9,,24.59,,,,,827.9421637123345,,,,,,,,,,,,,,,,8300000000.000001,5800000000.0,,,,,Other,,,,Other,,0.76,---,,dSph,827942.1637123345,0.8279421637123344,,,842.934353281411,,,,,
68,AndromedaXXXII,0.0,35.0,59.4,51.0,33.0,35.0,0.193,24.45,0.14,0.14,-371.6,12.2,0.7,0.7,-90.0,0.5,26.4,6.5,1.2,1.0,8.4,99.9,99.9,99.9,99.9,99.9,99.9,x,u,99.9,99.9,99.9,999.9,,24.45,- not seeing,,,,776.2471166286911,,,,,0.6,0.7,,,,,,,,,,,,,,,,Other,,,,Other,,,,,,776247.1166286911,0.7762471166286911,,,1467.7059873715343,,,,,
69,NGC147,0.0,33.0,12.1,48.0,30.0,32.0,0.172,24.15,0.09,0.09,-193.1,9.5,0.1,0.1,25.0,0.41,21.2,3.17,9.99,9.99,16.0,1.0,1.0,17.0,2.0,2.0,0.0,x,u,00.0,0.0,0.0,0.0,,24.15,,,,,676.0829753919819,,,,,,,90.0,144.0,0.23,,,,,,,,2691534803.9269137,,,,,Other,,,,Other,,62,93,UGC 326,dE/dSph,676082.9753919819,0.6760829753919819,,,623.4260874096669,,,,,
70,AndromedaXXX,0.0,36.0,34.9,49.0,38.0,48.0,0.166,24.17,0.1,0.26,-139.8,16.2,0.3,0.3,999.9,9.99,99.9,1.35,0.12,0.18,11.8,7.7,4.7,99.9,99.9,99.9,99.9,x,u,99.9,99.9,99.9,999.9,,24.17,,,,,682.3386941416704,,,,,,,,,,,,,,,,,,,,,,Other,,,,Other,,,,,,682338.6941416705,0.6823386941416705,,,267.95352689731806,,,,,
71,AndromedaXIV,0.0,51.0,35.0,29.0,41.0,49.0,0.06,24.5,0.06,0.56,-480.6,15.9,0.5,0.5,999.9,0.31,27.2,1.7,0.8,0.8,5.3,1.0,1.0,99.9,99.9,99.9,0.0,x,u,00.0,0.0,0.0,0.0,202),24.5,012+26,,,,794.3282347242822,,,,,,,,,,,,,,,,8700000000.0,4800000000.0,,,,,Other,,,,Other,,0.20,6.1,,dSph,794328.2347242822,0.7943282347242822,,,392.80285041997814,,,,,
72,AndromedaXII,0.0,47.0,27.0,34.0,22.0,29.0,0.11,24.84,0.09,0.34,-558.4,18.3,1.2,1.2,999.9,9.99,28.5,1.2,0.2,0.2,2.6,5.1,2.6,99.9,99.9,99.9,0.0,x,u,00.0,0.0,0.0,0.0,(207),24.84,"012+34, m31",,,,928.9663867799362,,,,,,,98.0,152.0,0.21,,,,,,,12900000000.0,3400000000.0,,,,,Other,,,,Other,,0.031,1.2,,dSph,928966.3867799363,0.9289663867799363,,,324.27013719320007,,,,,
73,AndromedaXV,1.0,14.0,18.7,38.0,7.0,3.0,0.047,23.98,0.26,0.12,-323.0,14.6,0.3,0.3,0.0,0.0,24.8,1.21,0.05,0.05,4.0,1.4,1.4,99.9,99.9,99.9,0.0,x,u,00.0,0.0,0.0,0.0,202),23.98,,,,,625.1726927756862,,,,,,,,,,,,,,,,12900000000.0,9300000000.0,,,,,Other,,,,Other,,0.49,16,,dSph,625172.6927756862,0.6251726927756861,,,220.0447845999797,,,,,
74,AndromedaII,1.0,16.0,29.8,33.0,25.0,9.0,0.061,24.07,0.06,0.06,-192.4,11.5,0.2,0.2,34.0,0.2,24.5,6.2,0.2,0.2,7.8,1.1,1.1,10.9,2.4,2.4,4.65,gs,u,00.0,0.0,0.0,0.0,204),24.07,"020+34,m31?""
NGC185             0 38 58.0  48 20 15  23.95 0.09 0.09 -203.8  1.1  1.1 0.11 m31
AndromedaXXIX     23 58 55.6  30 45 20  24.32 0.22 0.22 -194.4  1.5  1.5 99.9 g31dr1 356+34""",,,,651.6283940608428,,,,,,,148.0,235.0,0.23,,,,,,,11500000000.0,6300000000.0,,,,,Other,,,,Other,,7.6,36,,dSph,651628.3940608428,0.6516283940608428,,,1175.215196909963,,,,,
75,NGC185,0.0,38.0,58.0,48.0,20.0,15.0,0.184,23.95,0.09,0.09,-203.8,9.2,0.1,0.1,35.0,0.15,20.8,2.55,9.99,9.99,24.0,1.0,1.0,15.0,5.0,5.0,0.11,x,u,15.3,0.8,0.8,0.0,,,,,,,616.5950018614823,,,,,,,141.0,220.0,0.22,,,,,,,,3630780547.7010174,,,,,Other,,,,Other,,68,150,UGC 396,dE/dSph,616595.0018614823,0.6165950018614823,,,457.3681200630586,,,,,
76,AndromedaXXIX,23.0,58.0,55.6,30.0,45.0,20.0,0.046,24.32,0.22,0.22,-194.4,16.0,0.4,0.4,51.0,0.35,99.9,1.7,0.2,0.2,5.7,1.2,1.2,99.9,99.9,99.9,99.9,x,u,99.9,99.9,99.9,99.9,,,,,,,731.1390834834172,,,,,,,,,,,,,,,,7600000000.0,5200000000.0,,,,,Other,,,,Other,,0.18,---,,dSph,731139.0834834172,0.7311390834834172,,,361.5552154524934,,,,,
77,Triangulum,1.0,33.0,50.9,30.0,39.0,37.0,0.040999999999999995,24.54,0.06,0.06,-179.2,5.7,0.1,0.1,999.9,9.99,99.9,99.99,9.99,9.99,99.9,99.9,99.9,99.9,99.9,99.9,99.9,x,u,99.9,99.9,99.9,99.9,,,,,,,809.0958991783813,,,,,,,151.0,261.0,0.27,,,,,,,,,,,,,Other,,,,Other,,2900,,M33,Sc,809095.8991783813,0.8090958991783813,,,23533.270004754955,,,,,
78,AndromedaXXIV,1.0,18.0,30.0,46.0,21.0,58.0,0.083,23.89,0.12,0.12,-128.2,16.3,0.5,0.5,5.0,0.25,27.8,2.1,0.1,0.1,99.9,99.9,99.9,99.9,99.9,99.9,99.9,x,u,99.9,99.9,99.9,99.9,,23.89,,,,,599.7910762555101,,,,,,,133.0,202.0,0.2,,,,,,,12900000000.0,5400000000.0,,,,,Other,,,,Other,,0.093,---,,dSph,599791.0762555101,0.5997910762555101,,,366.3911744997662,,,,,
79,AndromedaVII,23.0,26.0,31.7,50.0,40.0,33.0,0.19399999999999998,24.41,0.1,0.1,-307.2,11.2,0.3,0.3,94.0,0.13,23.2,3.5,0.1,0.1,13.0,1.0,1.0,99.9,99.9,99.9,0.0,x,u,00.0,0.0,0.0,0.0,201),24.41,,,,,762.0790100254115,,,,,,,157.0,277.0,0.28,,,,,,,,,,,,,Other,,,,Other,,9.5,42,Casseopia dSph,dSph,762079.0100254115,0.7620790100254115,,,775.8785644939103,,,,,
80,IC10,0.0,20.0,17.3,59.0,18.0,14.0,1.568,24.5,0.12,0.12,-348.0,9.5,0.2,0.2,999.9,0.19,24.6,2.65,9.99,9.99,99.9,99.9,99.9,99.9,99.9,99.9,50.0,x,u,8.0,1.0,1.0,34.0,45)(146)(196),24.5,,,,,794.3282347242822,,,,,,,212.0,323.0,0.21,,,,,,,,1621810097.3589332,,,,,Other,,,,Other,,86,---,UGC 192,dIrr,794328.2347242822,0.7943282347242822,,,612.3103256546717,,,,,
81,AndromedaXXXI,22.0,58.0,16.3,41.0,17.0,28.0,0.133,24.4,0.12,0.12,-198.4,12.7,0.7,0.7,-59.0,0.43,25.8,4.2,0.4,0.5,10.3,99.9,99.9,99.9,99.9,99.9,99.9,x,u,99.9,99.9,99.9,999.9,,24.4,- not seeing,,,,758.5775750291837,,,,,0.9,1.1,,,,,,,,,,,,,,,,Other,,,,Other,,,,,,758577.5750291836,0.7585775750291837,,,926.7764715649978,,,,,
82,LGS3,1.0,3.0,55.0,21.0,53.0,6.0,0.04,24.43,0.07,0.07,-286.5,14.3,0.1,0.1,0.0,0.2,24.8,2.1,0.2,0.2,7.9,5.3,2.9,99.9,99.9,99.9,0.38,x,u,9.1,0.3,0.3,5.0,,24.43,"012+18 - check at least some of these detections for a reality check, or do you actually want to remeasure these?  There is this Courtois & Tully 2015 paper on remeasuring HI",,,,769.1304402866098,,,,,,,,,,,,,,,,10715193052.376049,4365158322.401666,,,,,Other,,,,Other,,0.96,17,Pisces (I),dIrr/dSph,769130.4402866098,0.7691304402866098,,,469.8346082763088,,,,,
83,AndromedaVI,23.0,51.0,46.3,24.0,34.0,57.0,0.063,24.47,0.07,0.07,-339.8,13.0,0.2,0.2,163.0,0.41,24.1,2.3,0.2,0.2,12.4,1.5,1.3,99.9,99.9,99.9,0.0,x,u,00.0,0.0,0.0,0.0,130)(207),24.47,356+26,,,,783.4296427662119,,,,,,,226.0,320.0,0.17,,,,,,,,5370317963.702533,,,,,Other,,,,Other,,2.8,---,,,783429.642766212,0.783429642766212,,,524.147532066697,,,,,
84,AndromedaXXII,1.0,27.0,40.0,28.0,5.0,25.0,0.079,24.82,0.07,0.36,-129.8,18.0,0.8,0.8,114.0,0.56,26.7,0.94,0.1,0.1,2.8,1.9,1.4,99.9,99.9,99.9,99.9,x,u,99.9,99.9,99.9,99.9,(212),24.82,020+26,,,,920.4495717531722,,,,,,,,,,,,,,,,11500000000.0,6500000000.0,,,,,Other,,,,Other,,0.034,---,,dSph,920449.5717531722,0.9204495717531722,,,251.6828150528636,,,,,
85,AndromedaXVI,0.0,59.0,29.8,32.0,22.0,36.0,0.067,23.39,0.19,0.14,-367.3,14.4,0.3,0.3,0.0,0.0,23.9,0.89,0.05,0.05,3.8,2.9,2.9,99.9,99.9,99.9,0.0,x,u,00.0,0.0,0.0,0.0,202),23.39,012+34,,,,476.4309868054156,,,,,,,,,,,,,,,,9800000000.0,5900000000.0,,,,,Other,,,,Other,,0.41,7.9,,,476430.9868054156,0.47643098680541557,,,123.34334324974762,,,,,
86,AndromedaXXVIII,22.0,32.0,41.2,31.0,12.0,58.0,0.096,24.1,0.5,0.2,-326.2,15.6,0.4,0.9,39.0,0.34,26.3,1.11,0.21,0.21,6.6,2.9,2.1,99.9,99.9,99.9,99.9,x,u,99.9,99.9,99.9,99.9,,24.1,340+34,,,,660.6934480075964,,,,,,,,,,,,,,,,12600000000.0,7400000000.0,,,,,Other,,,,Other,,0.21,---,,,660693.4480075964,0.6606934480075964,,,213.32840587257132,,,,,
87,AndromedaXXXIII,3.0,1.0,23.6,40.0,59.0,18.0,0.131,24.44,0.18,0.18,-326.0,14.1,0.7,0.7,-6.0,0.43,25.6,1.7,0.4,0.4,4.2,99.9,99.9,99.9,99.9,99.9,99.9,x,u,99.9,99.9,99.9,999.9,,24.44,- not seeing,,,,772.6805850957021,,,,,4.2,3.0,,,,,,,,,,,,,,,,Other,,,,Other,,,,,,772680.5850957021,0.7726805850957021,,,382.09788223771176,,,,,
88,IC1613,1.0,4.0,47.8,2.0,7.0,4.0,0.025,24.39,0.12,0.12,-231.6,9.2,0.1,0.1,50.0,0.11,22.8,6.81,9.99,9.99,10.8,1.0,0.9,99.9,99.9,99.9,65.0,x,u,5.9,1.0,1.0,25.0,49)(217),24.39,012+02,,,,755.0922276654342,,,,,,,293.0,552.0,0.31,,,,,,,7413102413.009162,1995262314.9688828,,,,,Other,,,,Other,,100,---,DDO 8,dIrr,755092.2276654341,0.7550922276654342,,,1495.7975624759235,,,,,
89,Phoenix,1.0,51.0,6.3,-44.0,26.0,41.0,0.016,23.09,0.1,0.1,-13.0,13.2,0.4,0.4,5.0,0.4,25.8,3.76,9.99,9.99,9.3,99.9,99.9,99.9,99.9,99.9,0.12,x,u,10.0,4.0,4.0,0.0,150),23.09,,,,,414.95404263436325,,,,,,,,,,,,,,,,10715193052.376049,2.6302679918953817,,,,,Other,,,,Other,,0.77,---,,dIrr/dSph,414954.0426343632,0.41495404263436325,,,453.8512690873989,,,,,
90,Eridanus2,3.0,44.0,21.1,-43.0,32.0,0.0,9.999,22.9,0.2,0.2,75.6,16.3,0.1,0.1,81.0,0.4,99.9,4.6,0.14,0.09,6.9,99.9,99.9,99.9,99.9,99.9,99.9,x,u,99.9,99.9,99.9,999.9,,22.9,- not seeing,,,,380.18939632056123,,,,,,,,,,,,,,,,,,,,,,Other,,,,Other,,,,,,380189.39632056124,0.38018939632056126,,,508.7255394006492,,,,,
91,NGC6822,19.0,44.0,56.6,-14.0,47.0,21.0,0.231,23.31,0.08,0.08,-54.5,8.1,0.2,0.2,330.0,0.24,19.7,2.65,9.99,9.99,23.2,1.2,1.2,99.9,99.9,99.9,130.0,x,u,5.8,1.9,1.9,47.0,51)(197)(217),23.31,,,,,459.19801283686854,,,,,,,,,,,,,,,,,1000000000.0,,,,,Other,,,,Other,,100,---,IC 4895,dIrr,459198.0128368685,0.4591980128368685,,,353.97417904667344,,,,,
92,Cetus,0.0,26.0,11.0,-11.0,2.0,40.0,0.028999999999999998,24.39,0.07,0.07,-83.9,13.1,0.2,0.2,63.0,0.33,25.0,3.2,0.1,0.1,8.3,1.0,1.0,7.7,1.2,1.2,0.0,x,u,00.0,0.0,0.0,0.0,217),24.39,,,,,755.0922276654342,,,,,,,,,,,,,,,,11220184543.019653,8912509381.33744,,,,,Other,,,,Other,,2.6,120,,dSph,755092.2276654341,0.7550922276654342,,,702.8711013102725,,,,,
93,PegasusdIrr,23.0,28.0,36.3,14.0,44.0,35.0,0.068,24.82,0.07,0.07,-179.5,12.6,0.2,0.2,120.0,0.46,22.8,2.1,0.04,0.04,12.3,1.2,1.1,10.0,0.3,0.3,5.9,x,u,9.0,99.9,99.9,21.0,7),24.82,"- check DR1 and DR2 on this, DR1 356+18 (-153 (816) to -207 (743), lovely deep data extended)  for mbspect need to get the beam info in there to be accurate. kvis simple sum is ~2500 K km/s, extended but 2500 K / 9.1 K/Jy = 275 Jy km/s  MHI= 0.236*275*919^2 = 5.5 x 10^7  Nope and get an order of magnitude lower than the value quoted here (5.9 x 10^6) with mbspect without beam info, putting 0.00116 radians for bmaj/bmin in which gives the 240 arcsec beam.  it just gives something similar to kvis without conversion with beam 3500 K*pix km/s (or 3100 robust).  yes if you divide by the number of pixels per beam (say ~12) and then the 9.1 you get about the right answer.  otherwise try going through this the column density way",,,,920.4495717531722,,,,,,,,,,,,,,,,,,,,,,Other,,,,Other,,6.6,---,UGC 12613,dIrr/dSph,920449.5717531722,0.9204495717531722,,,562.2701187351208,,,,,
94,LeoT,9.0,34.0,53.4,17.0,3.0,5.0,0.031,23.1,0.1,0.1,38.1,15.1,0.5,0.5,0.0,0.0,24.8,0.99,0.06,0.06,7.5,1.6,1.6,99.9,99.9,99.9,0.28,x,u,6.9,1.0,1.0,0.0,79)(180),23.1,,,,-8.0,409.0,,,,,,,,,,,,,,,,,1698243652.461746,Simons,,,Simons,Simons,Simons,Simons,,Simons,,0.14,3.9,,dIrr/dSph,409000.0,0.409,1.6,-1.6,118.0,- 11,11.0,7.5,1.6,-1.6
95,WLM,0.0,1.0,58.2,-15.0,27.0,39.0,0.038,24.85,0.08,0.08,-130.0,10.6,0.1,0.1,179.0,0.55,23.7,8.62,0.26,0.26,17.5,2.0,2.0,17.0,1.0,1.0,61.0,x,u,4.5,1.0,1.0,30.0,05),24.85,,,,,933.2543007969924,,,,,,,,,,,,,,,,12589254117.941662,4677351412.871982,,,,,Other,,,,Other,,43,380,UGCA 444,dIrr,933254.3007969924,0.9332543007969923,,,2340.092232672554,,,,,
96,AndromedaXVIII,0.0,2.0,14.5,45.0,5.0,20.0,0.106,25.42,0.07,0.08,-332.1,16.0,9.9,9.9,999.9,9.99,25.6,0.92,0.06,0.06,9.7,2.3,2.3,99.9,99.9,99.9,99.9,x,u,99.9,99.9,99.9,99.9,,25.42,,,,,1213.3888504649785,,,,,,,,,,,,,,,,8500000000.0,4600000000.0,,,,,Other,,,,Other,,0.63,---,,dSph,1213388.8504649785,1.2133888504649786,,,324.72336337074546,,,,,
97,LeoA,9.0,59.0,26.5,30.0,44.0,47.0,0.021,24.51,0.12,0.12,24.0,12.4,0.2,0.2,114.0,0.4,22.8,2.15,9.99,9.99,6.7,1.4,1.2,0.0,0.0,0.0,11.0,x,u,9.3,1.4,1.4,0.0,55)(198)(217),24.51,,,,,797.9946872679768,,,,,,,,,,,,,,,,4073802778.041122,851138038.2023759,,,,,Other,,,,Other,,6.0,25,Leo III,dIrr,797994.6872679768,0.7979946872679768,,,499.07310817428555,,,,,
98,Aquarius,20.0,46.0,51.8,-12.0,50.0,53.0,0.051,25.15,0.08,0.08,-137.7,14.5,0.1,0.1,98.7,0.5,23.6,1.47,0.04,0.04,7.9,1.9,1.6,99.9,99.9,99.9,4.1,x,u,5.8,0.1,0.1,0.0,,25.15,,,,,1071.5193052376048,,,,,,,,,,,,,,,,,,,,,,Other,,,,Other,,1.6,---,DDO 210,dIrr/dSph,1071519.3052376048,1.0715193052376049,,,458.18729654549605,,,,,
99,Tucana,22.0,41.0,49.6,-64.0,25.0,10.0,0.031,24.74,0.12,0.12,194.0,15.2,0.2,0.2,97.0,0.48,25.0,1.1,0.2,0.2,6.2,4.1,3.1,16.0,99.9,99.9,0.0,x,u,00.0,0.0,0.0,0.0,,24.74,,,,,887.15601203796,,,,,1.6,,,,,,,,,,,12882495516.931322,7585775750.291851,,,,,Other,,,,Other,,0.56,41,,dSph,887156.01203796,0.88715601203796,,,283.869278813688,,,,,
100,SagittariusdIrr,19.0,29.0,59.0,-17.0,40.0,51.0,0.124,25.14,0.18,0.18,-78.5,13.6,0.2,0.2,90.0,0.5,23.9,0.91,0.05,0.05,99.9,99.9,99.9,99.9,99.9,99.9,8.8,x,u,10.0,1.0,1.0,0.0,,25.14,,,,,1066.596121230259,,,,,,,,,,,,,,,,,,,,,,Other,,,,Other,,3.5,---,UKS 1927-177,dIrr,1066596.121230259,1.066596121230259,,,282.33654870759534,,,,,
101,UGC4879,9.0,16.0,2.2,52.0,50.0,24.0,0.016,25.67,0.04,0.04,-29.2,13.2,0.2,0.2,84.2,0.44,21.2,0.41,0.04,0.04,9.6,1.3,1.2,99.9,99.9,99.9,0.95,x,u,11.0,1.1,1.1,0.0,13)(217),25.67,,,,,1361.4446824659512,,,,,,,,,,,,,,,,,,,,,,Other,,,,Other,,8.3,---,VV 124,dIrr/dSph,1361444.6824659512,1.3614446824659512,,,162.37141147874044,,,,,
102,AntliaB,9.0,48.0,56.1,-25.0,59.0,24.0,0.069,25.56,0.16,0.16,376.0,15.9,0.6,0.6,4.0,0.3,99.9,0.72,0.07,0.07,99.9,99.9,99.9,99.9,99.9,99.9,0.28,x,u,7.2,0.02,99.9,999.9,,25.56,,,,,1294.1958414499863,,,,,,,,,,,,,,,,,,,,,,Other,,,,Other,,,,,,1294195.8414499864,1.2941958414499863,,,271.05548857362817,,,,,
103,NGC3109,10.0,3.0,6.9,-26.0,9.0,35.0,0.067,25.57,0.08,0.08,403.0,10.7,0.1,0.1,91.5,0.82,22.6,4.3,0.1,0.1,99.9,99.9,99.9,99.9,99.9,99.9,450.0,x,u,10.0,99.9,99.9,72.4,81)(157),25.57,,,,,1300.1695780332898,,,,,,,,,,,,,,,,,,,,,,Other,,,,Other,,76,---,DDO 236,dIrr,1300169.5780332899,1.3001695780332898,,,1626.275670291076,,,,,
104,SextansB,10.0,0.0,0.1,5.0,19.0,56.0,0.031,25.77,0.03,0.03,304.0,11.3,0.2,0.2,110.0,0.31,21.9,1.06,0.1,0.1,8.0,99.9,99.9,90.0,99.9,99.9,51.0,x,u,18.0,99.9,99.9,71.0,58),25.77,,,,,1425.607593602188,,,,,,,,,,,,,,,,,1819700858.6099825,,,,,Other,,,,Other,,52,,UGC 5373,dIrr,1425607.593602188,1.425607593602188,,,439.5735726036853,,,,,
105,Antlia,10.0,4.0,4.1,-27.0,19.0,52.0,0.079,25.65,0.1,0.1,362.0,15.2,0.2,0.2,135.0,0.4,23.9,1.2,0.12,0.12,99.9,99.9,99.9,99.9,99.9,99.9,0.73,x,u,6.4,0.7,0.7,99.9,81),25.65,,,,,1348.9628825916534,,,,,,,,,,,,,,,,,,,,,,Other,,,,Other,,1.3,---,,dIrr,1348962.8825916534,1.3489628825916533,,,470.8764334550168,,,,,
106,SextansA,10.0,11.0,0.8,-4.0,41.0,34.0,0.045,25.78,0.08,0.08,324.0,11.5,0.1,0.1,0.0,0.17,22.8,2.47,9.99,9.99,99.9,99.9,99.9,99.9,99.9,99.9,77.0,x,u,8.0,1.0,1.0,20.0,59)(199),25.78,,,,,1432.1878992735456,,,,,,,,,,,,,,,,,707945784.3841373,,,,,Other,,,,Other,,44,---,UGCA 205,dIrr,1432187.8992735455,1.4321878992735455,,,1029.017267458558,,,,,
107,HIZSS3(A),7.0,0.0,29.3,-4.0,12.0,30.0,1.013,26.12,0.14,0.14,288.0,99.9,9.9,9.9,999.9,9.99,99.9,99.99,9.99,9.99,99.9,99.9,99.9,99.9,99.9,99.9,14.0,x,u,23,99.9,99.9,42.0,,26.12,,,,,1674.9428760264382,,,,,,,,,,,,,,,,,,,,,,Other,,,,Other,,---,---,,(d)Irr?,1674942.876026438,1.674942876026438,,,48717.19530910727,,,,,
108,HIZSS3B,7.0,0.0,29.3,-4.0,12.0,30.0,1.013,26.12,0.14,0.14,322.6,99.9,9.9,9.9,999.9,9.99,99.9,99.99,9.99,9.99,99.9,99.9,99.9,99.9,99.9,99.9,2.6,x,u,11.9,99.9,99.9,99.9,,26.12,,,,,1674.9428760264382,,,,,,,,,,,,,,,,,,,,,,Other,,,,Other,,---,---,,(d)Irr?,1674942.876026438,1.674942876026438,,,48717.19530910727,,,,,
109,LeoP,10.0,21.0,45.1,18.0,5.0,17.0,0.10800000000000001,26.05,0.2,0.2,264.0,16.9,0.1,0.1,999.9,9.99,99.9,1.2,9.99,9.99,99.9,9.9,9.9,99.9,99.9,99.9,0.94,x,u,8.4,99.9,99.9,15.0,,26.05,(not in dr2),,,,1621.8100973589296,,,,,,,,,,,,,,,,,,,,,,Other,,,,Other,,,,,,1621810.0973589297,1.6218100973589298,,,566.1179890424596,,,,,
110,ESO410-G005,0.0,15.0,31.6,-32.0,10.0,48.0,0.013999999999999999,26.42,0.04,0.04,158.89,14.9,0.3,0.3,57.0,0.37,22.2,0.5,0.05,0.05,99.9,99.9,99.9,99.9,99.9,99.9,0.73,x,u,14.2,0.6,0.6,99.9,,26.42,,,,,1923.0917289101617,,,,,,,,,,,,,,,,,,,,,,Other,,,,Other,,3.5,---,UKS 0013-324,dIrr/dSph,1923091.7289101616,1.9230917289101617,,,279.7020913257453,,,,,
111,KKR25,16.0,13.0,48.0,54.0,22.0,16.0,0.009000000000000001,26.42,0.07,0.07,-65.0,15.5,0.2,0.2,999.9,0.49,24.0,0.47,0.03,0.03,99.9,99.9,99.9,99.9,99.9,99.9,99.9,x,u,99.9,99.9,99.9,99.9,,26.42,,,,,1923.0917289101617,,,,,,,,,,,,,,,,,,,,,,Other,,,,Other,,1.4,---,,dIrr/dSph,1923091.7289101616,1.9230917289101617,,,262.9199658462005,,,,,
112,NGC55,0.0,14.0,53.6,-39.0,11.0,48.0,0.013000000000000001,26.43,0.12,0.12,129.0,7.9,0.1,0.1,108.0,0.83,19.3,5.16,9.99,9.99,99.9,99.9,99.9,99.9,99.9,99.9,1300.0,x,u,99.9,99.9,99.9,86.0,,,,,,,1931.9683170169221,,,,,,,,,,,,,,,,,,,,,,Other,,,,Other,,2200,---,,Irr,1931968.3170169222,1.9319683170169222,,,2899.8491792036416,,,,,
113,ESO294-G010,0.0,26.0,33.4,-41.0,51.0,19.0,0.006,26.54,0.04,0.04,117.0,15.3,0.3,0.3,8.0,0.51,22.3,0.42,0.04,0.04,99.9,99.9,99.9,99.9,99.9,99.9,0.34,x,u,9.7,0.9,0.9,99.9,161),26.54,,,,,2032.3570109362208,,,,,,,,,,,,,,,,,,,,,,Other,,,,Other,,2.7,---,,,2032357.0109362209,2.032357010936221,,,248.2990166804488,,,,,
114,NGC300,0.0,54.0,53.5,-37.0,41.0,4.0,0.013000000000000001,26.59,0.06,0.06,146.0,8.1,0.1,0.1,111.0,0.29,21.0,5.0,9.99,9.99,99.9,99.9,99.9,80.0,5.0,5.0,1800.0,x,u,13.0,5.0,5.0,98.8,65),,,,,,2079.696687103694,,,,,,,,,,,,,,,,,,,,,,Other,,,,Other,,2100,---,,,2079696.6871036938,2.0796966871036937,,,3024.7933780869666,,,,,
115,IC5152,22.0,2.0,41.5,-51.0,17.0,47.0,0.025,26.45,0.05,0.05,122.0,10.9,9.9,9.9,100.0,0.38,20.1,0.97,9.99,9.99,99.9,99.9,99.9,99.9,99.9,99.9,87.0,x,u,36,99.9,99.9,58.0,,26.45,,,,,1949.8445997580454,,,,,,,,,,,,,,,,,,,,,,Other,,,,Other,,270,---,,,1949844.5997580455,1.9498445997580456,,,550.1706819184944,,,,,
116,KKH98,23.0,45.0,34.0,38.0,43.0,4.0,0.12300000000000001,27.01,0.09,0.09,-136.9,15.2,0.3,0.3,175.0,0.41,22.8,0.64,0.06,0.06,99.9,99.9,99.9,99.9,99.9,99.9,6.6,x,u,99.9,99.9,99.9,99.9,90),27.01,,,,,2523.4807724805755,,,,,,,,,,,,,,,,,,,,,,Other,,,,Other,,4.5,---,,,2523480.7724805754,2.5234807724805752,,,469.792071671171,,,,,
117,UKS2323-326,23.0,26.0,27.5,-32.0,23.0,20.0,0.015,26.72,0.09,0.09,62.0,13.5,0.2,0.2,120.0,0.1,22.9,0.9,0.1,0.1,99.9,99.9,99.9,99.9,99.9,99.9,17.0,x,u,99.9,99.9,99.9,99.9,166)(117),26.72,,,,,2208.0047330188963,,,,,,,,,,,,,,,,,,,,,,Other,,,,Other,,17,---,,,2208004.7330188965,2.2080047330188965,,,578.0537443726295,,,,,
118,KK258,22.0,40.0,43.9,-30.0,47.0,59.0,0.011000000000000001,26.85,0.07,0.07,92.0,16.3,9.9,9.9,999.9,0.5,26.0,9.99,9.99,9.99,99.9,99.9,99.9,99.9,99.9,99.9,99.9,x,u,99.9,99.9,99.9,999.9,,26.85,,,,,2344.228815319923,,,,,,,,,,,,,,,,,,,,,,Other,,,,Other,,,,,,2344228.8153199228,2.344228815319923,,,6812.25972366985,,,,,
119,KKR3,14.0,7.0,10.5,35.0,3.0,37.0,0.013999999999999999,26.7,0.12,0.12,63.3,17.2,0.3,0.3,0.0,0.05,23.8,0.36,0.04,0.04,99.9,99.9,99.9,99.9,99.9,99.9,2.5,x,u,7.5,0.5,0.5,0.0,,26.7,,,,,2187.761623949552,,,,,,,,,,,,,,,,,,,,,,Other,,,,Other,,0.54,---,,,2187761.623949552,2.187761623949552,,,229.10164631571192,,,,,
120,KKs3,2.0,24.0,44.4,-73.0,30.0,51.0,0.045,26.63,0.07,0.07,316.0,14.5,0.1,0.1,999.9,0.6,24.9,0.57,0.06,0.06,99.9,99.9,99.9,99.9,99.9,99.9,99.9,x,u,99.9,99.9,99.9,999.9,,26.63,,,,,2118.3611352485004,,,,,,,,,,,,,,,,,,,,,,Other,,,,Other,,,,,,2118361.1352485004,2.1183611352485006,,,351.23724735412554,,,,,
121,GR8,12.0,58.0,40.4,14.0,13.0,3.0,0.026000000000000002,26.69,0.12,0.12,213.9,14.5,0.2,0.2,61.0,0.2,22.6,0.32,0.04,0.04,99.9,99.9,99.9,99.9,99.9,99.9,11.0,x,u,7.0,0.2,0.2,0.0,,26.69,,,,,2177.709772353159,,,,,,,,,,,,,,,,,,,,,,Other,,,,Other,,6.4,---,,,2177709.7723531593,2.1777097723531593,,,202.71023988161178,,,,,
122,UGC9128,14.0,15.0,56.5,23.0,3.0,19.0,0.023,26.8,0.04,0.04,152.0,14.4,0.3,0.3,46.0,0.4,22.6,0.64,0.07,0.07,99.9,99.9,99.9,99.9,99.9,99.9,18.0,x,u,15.0,99.9,99.9,56.0,,26.8,,,,,2290.867652767775,,,,,,,,,,,,,,,,,,,,,,Other,,,,Other,,7.8,---,,,2290867.6527677746,2.2908676527677745,,,426.4868875780309,,,,,
123,UGC8508,13.0,30.0,44.4,54.0,54.0,36.0,0.015,27.06,0.03,0.03,56.0,13.7,0.1,0.1,120.0,0.45,21.5,0.42,0.04,0.04,99.9,99.9,99.9,99.9,99.9,99.9,29.0,x,u,99.9,99.9,99.9,31.2,90)(168),27.06,,,,,2582.260190634596,,,,,,,,,,,,,,,,,,,,,,Other,,,,Other,,19,---,,,2582260.1906345957,2.582260190634596,,,315.48230094292205,,,,,
124,IC3104,12.0,18.0,46.0,-79.0,43.0,34.0,0.41,26.78,0.18,0.18,429.0,12.8,9.9,9.9,45.0,0.52,23.3,2.01,9.99,9.99,99.9,99.9,99.9,99.9,99.9,99.9,13.0,x,u,99.9,99.9,99.9,999.9,,26.78,,,,,2269.8648518838213,,,,,,,,,,,,,,,,,,,,,,Other,,,,Other,,62,---,,,2269864.851883821,2.2698648518838214,,,1327.1553639114188,,,,,
125,DDO125,12.0,27.0,40.9,43.0,29.0,44.0,0.02,27.06,0.05,0.05,194.9,12.7,0.3,0.3,112.0,0.41,22.1,1.04,0.1,0.1,99.9,99.9,99.9,99.9,99.9,99.9,35.0,x,u,7.3,1.5,1.5,11.2,169)(170),27.06,,,,,2582.260190634596,,,,,,,,,,,,,,,,,,,,,,Other,,,,Other,,47,---,,,2582260.1906345957,2.582260190634596,,,781.1942690015213,,,,,
126,UGCA86,3.0,59.0,48.3,67.0,8.0,19.0,0.938,27.36,0.17,0.17,67.0,14.2,9.9,9.9,25.0,0.32,22.8,0.94,9.99,9.99,99.9,99.9,99.9,99.9,99.9,99.9,860.0,x,u,8.8,1.0,1.0,122.0,172),27.36,,,,,2964.831389524339,,,,,,,,,,,,,,,,,,,,,,Other,,,,Other,,16,---,,,2964831.389524339,2.9648313895243392,,,810.6876608691379,,,,,
127,DDO99,11.0,50.0,53.0,38.0,52.0,49.0,0.026000000000000002,27.07,0.14,0.14,251.0,13.9,0.1,0.1,70.0,0.29,22.9,0.9,0.09,0.09,99.9,99.9,99.9,99.9,99.9,99.9,52.0,x,u,99.9,99.9,99.9,99.9,117),27.07,,,,,2594.179362118812,,,,,,,,,,,,,,,,,,,,,,Other,,,,Other,,16,---,,,2594179.3621188123,2.5941793621188123,,,679.1539308870427,,,,,
128,IC4662,17.0,47.0,8.8,-64.0,38.0,30.0,0.07,26.94,0.17,0.17,302.0,11.1,0.3,0.3,111.0,0.27,18.7,0.48,0.05,0.05,99.9,99.9,99.9,99.9,99.9,99.9,180.0,x,u,99.9,99.9,99.9,99.9,,26.94,,,,,2443.4305526939715,,,,,,,,,,,,,,,,,,,,,,Other,,,,Other,,190,---,,,2443430.5526939714,2.4434305526939712,,,341.1669450347193,,,,,
129,DDO190,14.0,24.0,43.4,44.0,31.0,33.0,0.012,27.23,0.03,0.03,150.0,12.8,0.1,0.1,82.0,0.1,21.4,0.64,0.06,0.06,99.9,99.9,99.9,99.9,99.9,99.9,43.0,x,u,10.0,2.4,2.4,24.7,169)(170),27.23,,,,,2792.5438412373364,,,,,,,,,,,,,,,,,,,,,,Other,,,,Other,,51,---,,,2792543.8412373364,2.7925438412373365,,,519.8830800354579,,,,,
130,KKH86,13.0,54.0,33.5,4.0,14.0,35.0,0.027000000000000003,27.06,0.16,0.16,287.2,17.1,0.3,0.3,177.0,0.39,23.2,0.28,0.03,0.03,99.9,99.9,99.9,99.9,99.9,99.9,0.88,x,u,99.9,99.9,99.9,99.9,173),27.06,,,,,2582.260190634596,,,,,,,,,,,,,,,,,,,,,,Other,,,,Other,,0.82,---,,,2582260.1906345957,2.582260190634596,,,210.321533961948,,,,,
131,NGC4163,12.0,12.0,9.1,36.0,10.0,9.0,0.02,27.28,0.03,0.03,165.0,13.2,0.3,0.3,11.0,0.3,21.1,0.45,0.05,0.05,99.9,99.9,99.9,99.9,99.9,99.9,7.9,x,u,7.4,99.9,99.9,8.7,174),27.28,,,,,2857.5905433749494,,,,,,,,,,,,,,,,,,,,,,Other,,,,Other,,37,---,,,2857590.5433749496,2.8575905433749496,,,374.05737605082606,,,,,
132,DDO113,12.0,14.0,57.9,36.0,13.0,8.0,0.02,27.35,0.06,0.06,284.0,16.4,0.3,0.3,999.9,0.0,24.0,0.7,0.07,0.07,99.9,99.9,99.9,99.9,99.9,99.9,48.0,x,u,99.9,99.9,99.9,99.9,,27.35,(should be 2 based on what is written for time),,,,2951.20922666639,,,,,,,,,,,,,,,,,,,,,,Other,,,,Other,,2.1,---,,,2951209.22666639,2.95120922666639,,,600.9298112621549,,,,,
133,Antlia2,9.0,35.0,32.8,-36.0,46.0,2.28,,20.6,0.11,,290.7,,,,156.0,0.38,31.9,1.27,,9.99,5.71,99.9,99.9,99.9,99.9,99.9,99.9,99.9,x,,99.9,99.9,99.9,99.9,,,,,-9.03,132.0,55000000.0,0.88,,,1.08,,,,,,,,,,,,,,,,,Other,,,,,,,,,,132000.0,0.132,,,48.76445349429133,,,,,
134,CetusIII,2.0,5.0,19.4,-4.0,16.0,12.0,,22.0,0.2,0.1,,,,,,,,1.23,,,,,,,,,,,,,,,,,,http://adsabs.harvard.edu/abs/2018PASJ...70S..18H,31.3292,-4.27,-2.45,251.0,,,,,,,,,,,,,,,,,,,,,Simons,Simons,Simons,Simons,,Simons,,,,,,251000.0,0.251,,,90.0,- 14,32.0,,,
135,DESJ0225+0304,2.0,25.0,42.4,3.0,4.0,10.0,,16.88,0.06,0.05,,,,,,,,,,,,,,,,,,,,,,,,,,http://adsabs.harvard.edu/abs/2017MNRAS.468...97L,36.425,3.0694,-1.1,23.8,,,,,,,,,,,,,,,,,,,,,Simons,Simons,Simons,Simons,,Simons,,,,,,23800.0,0.0238,,,19.0,-  5,9.0,,,
136,PictorII,6.0,44.0,43.2,-59.0,53.0,49.0,0.107,18.3,0.12,0.15,,,,,,,,3.6,,,,,,,,,,,,,,,,,,http://adsabs.harvard.edu/abs/2016ApJ...833L...5D,101.1792,-59.8969,-3.2,45.0,,,,,,,,,,,,,,,,,,,,,Simons,Simons,Simons,Simons,,Simons,,,,,,45000.0,0.045,,,47.0,- 13,20.0,,,
137,VirgoI,12.0,0.0,9.6,0.0,40.0,48.0,,19.7,0.3,0.2,,,,,,,,1.5,,,,,,,,,,,,,,,,,,http://adsabs.harvard.edu/abs/2016ApJ...832...21H,180.0417,-0.68,-0.8,87.0,,,,,,,,,,,,,,,,,,,,,Simons,Simons,Simons,Simons,,Simons,,,,,,87000.0,0.087,,,38.0,- 11,12.0,,,
138,HydrusI,2.0,29.0,33.3,-79.0,18.0,32.0,,17.2,0.04,0.04,80.4,,,,,,,,,,2.7,,,,,,,,,,,,,,,http://adsabs.harvard.edu/abs/2018MNRAS.479.5343K,-0.68,-79.3089,-4.71,27.6,,,,,,,26.0,1029.0,0.95,10.0,lower_limit,Simons18 (GAIA),,,,,,Simons,,,Simons,Simons,Simons,Simons,,Simons,,,,,,27600.0,0.0276,0.5,-0.4,53.0,-  4,4.0,2.7,0.5,-0.4
139,CarinaII,,,,,,,,17.79,0.05,0.05,477.2,,,,,,,,,,3.4,,,,,,,,,,,,,,,http://adsabs.harvard.edu/abs/2018MNRAS.475.5085T,114.1066,-57.9991,-4.5,36.2,,,,,,,26.0,118,0.64,10.0,lower_limit,Simons18 (GAIA),29.0,>500,0.97,,,Simons,,,Simons,Simons,Simons,Simons,,Simons,,,,,,36200.0,0.0362,1.2,-0.8,92.0,-  8,8.0,3.4,1.2,-0.8
140,CarinaIII,,,,,,,,17.22,0.1,0.1,284.6,,,,,,,,,,5.6,,,,,,,,,,,,,,,http://adsabs.harvard.edu/abs/2018MNRAS.475.5085T,114.6298,-57.8997,-2.4,27.8,,,,,,,28.0,106,0.58,10.0,lower_limit,Simons18 (GAIA),29.0,4445,0.987,,,Simons,,,Simons,Simons,Simons,Simons,,Simons,,,,,,27800.0,0.0278,4.3,-2.1,30.0,-  8,8.0,5.6,4.3,-2.1
141,CraterII,,,,,,,,20.35,0.02,0.02,87.5,,,,,,,,,,2.7,,,,,,,,,,,,,,,http://adsabs.harvard.edu/abs/2016MNRAS.459.2370T,177.31,-18.413,-8.2,117.5,,,,,,,18.0,124,0.74,,,,27.0,140,0.66,,,Simons,,,Simons,Simons,Simons,Simons,,Simons,,,,,,117500.0,0.1175,0.3,-0.3,1066.0,- 86,86.0,2.7,0.3,-0.3
142,AquariusII,,,,,,,,20.16,0.07,0.07,-71.1,,,,,,,,,,5.4,,,,,,,,,,,,,,,http://adsabs.harvard.edu/abs/2016MNRAS.463..712T,338.4813,-9.3274,-4.36,107.9,,,,,,,95.0,190,0.75,,,,99.0,1212,0.94,,,Simons,,,Simons,Simons,Simons,Simons,,Simons,,,,,,107900.0,0.1079,3.4,-0.9,160.0,- 26,26.0,5.4,3.4,-0.9
