id,GalaxyName,RA_hr,RA_min,RA_sec,Dec_deg,Dec_arcmin,Dec_arcsec,EB-V,m-M,m-M_err,vh(km/s),Vmag,Vmag_err,PA,e=1-b/a,muVo,rh('),rh_err_pos,rh_err_neg,vsig_s,vsig_err,vrot_s,vrot_s_err,MHI_mcconnachie,Data,Key,vsig_g,vsig_g_err,vrot_g,Notes,dist_kpc,MHI_computed,MHI_source,MHI_type,1sigma,notes/image/limit,mw_dist,m31_dist,r_ell,ell_surf_dist
2,SagittariusdSph,18,55,19.5,-30,32,43,0.153,17.1,0.15,140.0,3.6,0.3,102.0,0.64,25.2,342.0,12.0,12.0,11.4,0.7,0.0,0.0,0.0,x,u,0.0,0.0,0.0,"(I don’t understand where the limit in GP or Mateo is from, Spekkens has <7880 from GASS, K94 has <10000) SKIP THERE ARE DEEPER LIMITS FOR THE CORE",26.302679918953842,,,,,use lit.,18.422410659855245,786.9893232008902,458.15294544765044,-251.95276258520218
3,TucanaIII,23,56,36.0,-59,36,0,9.999,17.01,0.16,-102.0,14.6,0.4,999.9,9.99,99.9,6.0,0.8,0.6,0.1,99.9,99.9,99.9,99.9,x,u,99.9,99.9,999.9,"- Simon et al. 2017 V_hel = -102 km/s, velocity dispersion of 0.1 km/s, D=25 kpc",25.234807724805755,91.89114490090122,hi4pi,upper_limit,0.0203817,ok,23.286454074572276,783.8326858955157,456.64753927606586,-247.7271120715122
4,DracoII,15,52,47.6,64,33,55,0.016,16.9,0.3,-347.0,14.0,0.8,70.0,0.24,99.9,2.7,1.0,0.8,2.9,99.9,99.9,99.9,99.9,x,u,99.9,99.9,999.9,"- Martin et al. 2016 V_hel -347 km/s, dispersion of 2.9 km/s, (9 stars)",23.988329190194897,70.60196425864088,hi4pi,upper_limit,0.0173294,ok,26.199691455978176,770.261602688511,442.9946820648218,-251.6817525484683
5,Segue(I),10,7,4.0,16,4,55,0.031,16.8,0.2,208.5,15.3,0.8,85.0,0.48,27.6,4.4,1.2,0.6,3.9,0.8,0.0,0.0,,gs,u,0.0,0.0,0.0,"148+18s.mir stdev (0.04K/9.1K/Jy)*5 = 0.02 Jy limit  (from standard sqrt(.74/9.6) would have expected something more like 0.02K, it looks like the scan artifacts have probably caused this, emphasizes importance of checking each.  yes the baseline is really nasty, but it also looks like a 0.2K would stick out easily)  Spekkens quotes 5.5 mJy (5 sigma) so hers is much deeper, all of them look like they would be much deeper…. in theory should reach the alfalfa level of 2 mJy (1 sigma) in some regions of DR1.   Ah but she is using 15 km/s smooth (and width).  I get a segue mass limit of 25 with 0.02*10*.236*23^2 so factor of 10 on GP.   Probably stick with my method and just footnote Spekkens limit in table or text  I DON’T KNOW I THINK WHEN DEEPER WITH HER PAPER JUST ADOPT THAT",22.90867652767775,,,upper_limit,0.017123,ok,27.892321264551313,787.9720949392585,462.35633730666996,-242.59352245286604
6,Reticulum2,3,35,42.1,-54,2,57,9.999,17.4,0.2,64.0,14.7,0.1,71.0,0.59,99.9,3.64,0.21,0.12,3.4,99.9,99.9,99.9,99.9,x,u,99.9,99.9,999.9,"- Walker et al., Koposov et al. (2015), V_hel=64 km/s, dispersion 3.2-3.6 km/s, D=30 kpc",30.19951720402013,132.74892698458365,hi4pi,upper_limit,0.0205588,ok,31.663735894087903,785.9287546746662,462.1219412447442,-239.23978963295104
7,CetusII,1,17,52.8,-17,25,12,9.999,17.38,0.19,999.9,17.4,0.7,999.9,9.99,99.9,1.9,1.0,0.5,99.9,99.9,99.9,99.9,99.9,x,u,99.9,99.9,999.9,NEW not seeing velocity ref for this one,29.922646366081892,126.78365080182249,hi4pi,upper_limit,0.02,no velocity,32.540763174908435,763.7548925235491,437.7741942686651,-250.16988323599983
8,TriangulumII,2,13,17.4,36,10,42,0.081,17.4,0.1,-384.0,15.6,0.5,56.0,0.21,99.9,3.9,1.1,0.9,99.9,99.9,99.9,99.9,,gs,u,99.9,99.9,999.9,"36+34s.mir  Martin et al. v_hel = -384 km/s, disp controversial?  DOUBLE CHECK LIMIT from -650 to 650 km/s looks like GIZ is -80 to 30 km/s, not seeing anything in spectrum, stdev is pretty uniform 0.11K  (is the noise higher here because of the declination and stray, see what others have) (nice little group at 550-600 km/s)  (0.11K/9.1K/Jy) *5 = 0.06 Jy",30.19951720402013,,,upper_limit,0.03336,"check HI4PI, otherwise ok",36.56220340940852,750.3912269210848,421.2430025988717,-262.7279019155023
9,UrsaMajorII,8,51,30.0,63,7,48,0.094,17.5,0.3,-116.5,13.3,0.5,98.0,0.63,27.9,16.0,1.0,1.0,6.7,1.4,0.0,0.0,0.0,x,u,0.0,0.0,0.0,"130.0  60.0 CAR CAR_H07.fits stdev 0.02K, if back out is correct * 0.6 Jy/K = 0.012 Jy * 5 = 0.06 Jy for mass 0.06*10*.236*32^2 = 145 Msun  E 130.0 60.0 CAR CAR_D07.fit 0.05K  imstat gives a similar rms, back out gibes 0.05 K * 0.26 Jy/K = 0.013 Jy",31.622776601683793,2339.3027999999995,hi4pi,upper_limit,0.33041,"josh method, needs fixing by dividing by area in Amalia code",37.927011534899634,766.6608801849446,444.3388633406077,-241.82439108777987
10,BootesII,13,58,0.0,12,51,0,0.031,18.1,0.06,-117.0,15.4,0.9,145.0,0.21,28.1,4.2,1.4,1.4,10.5,7.4,99.9,99.9,,gs,u,0.0,0.0,0.0,212+10s.mir stdev 0.08K (rounded up),41.686938347033546,,,upper_limit,0.020185,"images missing, does have velocity",39.48105872953528,802.559758356636,479.9778007875339,-231.90077004651405
11,SegueII,2,19,16.0,20,10,31,0.185,17.7,0.1,-39.2,15.2,0.3,182.0,0.15,27.4,3.4,0.2,0.2,3.4,2.5,99.9,99.9,,gs,u,99.9,99.9,999.9,"36+18s.mir stdev 0.07K, could get lower with a USM here, get 0.18K in unsmoothed so I think would have expected 0.05K with factor above",34.673685045253166,,,upper_limit,0.019513,"images missing, does have velocity",40.754977813395826,748.9807761554376,421.6378509041131,-257.4667552653609
12,Willman1,10,49,21.0,51,3,0,0.014,17.9,0.4,-12.3,15.2,0.7,77.0,0.47,26.1,2.3,0.4,0.4,4.3,2.3,99.9,99.9,0.0,x,u,0.0,0.0,0.0,,38.01893963205608,198.28331740886063,hi4pi,upper_limit,0.0193755,1/2 off cube. Check cube H09,42.8508965203957,776.2304984992603,458.44372923133585,-231.58949971603823
13,ComaBerenices,12,26,59.0,23,54,15,0.017,18.2,0.2,98.1,14.1,0.5,115.0,0.38,27.3,6.0,0.6,0.6,4.6,0.8,0.0,0.0,,gs,u,0.0,0.0,0.0,"188+26s.mir stdev 0.04K so same limit of 0.02 Jy (towards edge, but looks clear, same with baseline but 0.2K source would be booming) 0.02*10*.236*44^2 = 100 Msun",43.65158322401656,,,upper_limit,0.0125446,ok for hi4pi value,44.8591876951668,798.2429702735473,480.10940524594173,-225.55682230328642
14,TucanaIV,0,2,55.2,-60,51,0,9.999,18.41,0.19,999.9,14.9,0.3,11.0,0.4,99.9,9.1,1.7,1.4,99.9,99.9,99.9,99.9,99.9,x,u,99.9,99.9,999.9,- not seeing anything for this one,48.08393484497285,163.69418714443208,hi4pi,upper_limit,0.01,no velocity,45.567704740700734,789.3892806591396,473.2319402809006,-225.27586004614594
15,BootesIII,13,57,12.0,26,48,0,0.021,18.35,0.1,197.5,12.6,0.5,90.0,0.5,31.3,99.99,9.99,9.99,14.0,3.2,99.9,99.9,99.9,x,u,99.9,99.9,999.9,212+26s.mir stdev 0.04K again so 0.02 Jy,46.77351412871986,17.091379999999997,galfa,upper_limit,0.0379234,"pull hi4pi value, missing rh - huge, prob part of styx stream (Carlin & Sand 2018), quote core limit",45.788988891523935,796.0456457642612,479.00435590163625,-224.55686573329479
16,GrusII,22,4,4.8,-46,26,24,9.999,18.62,0.21,999.9,14.7,0.2,999.9,9.99,99.9,6.0,0.9,0.5,99.9,99.9,99.9,99.9,99.9,x,u,99.9,99.9,999.9,- not seeing one,52.966344389165805,397.24940313396297,hi4pi,upper_limit,0.02,no velocity,48.36965635432141,784.2695078691785,470.3973270812926,-223.62637046967814
17,LMC,5,23,34.5,-69,45,22,0.9259999999999999,18.52,0.09,262.2,0.4,0.1,999.9,9.99,99.9,99.99,9.99,9.99,20.2,0.5,49.8,15.9,460.0,x,u,15.8,0.2,63.0,,50.58246620031137,460000000.0,various,detected_mass,,,50.21223151562807,806.377038985792,489.5553348157911,-221.0290717293506
18,TucanaV,23,37,24.0,-63,16,12,9.999,18.71,0.34,999.9,17.1,0.5,30.0,0.7,99.9,1.0,0.3,0.3,99.9,99.9,99.9,99.9,99.9,x,u,99.9,99.9,999.9,"- not seeing one, Conn et al. 2018 says chance could be grouping of stars assoc with SMC",55.20774392807573,388.42373747819016,hi4pi,upper_limit,0.018,no velocity,52.05265391508568,794.9159297243599,482.5329725791467,-218.3949727007147
19,Tucana2,22,51,55.1,-58,34,8,9.999,18.8,0.2,-129.0,15.0,0.1,107.0,0.39,99.9,9.83,1.66,1.11,8.5,99.9,99.9,99.9,99.9,x,u,99.9,99.9,999.9,"- Walker et al. 2016, v_hel= -129 km/s, disp ~ 8.5 km/s",57.54399373371572,2753.27315460962,hi4pi,upper_limit,0.11744,"josh method, needs fixing",53.72355915842535,792.3837319452169,481.70683911574764,-216.99620726627484
20,SagittariusII,19,52,40.5,-22,4,5,0.09699999999999999,19.13,0.15,999.9,13.9,0.4,72.0,0.23,99.9,2.0,0.4,0.3,99.9,99.9,99.9,99.9,99.9,x,u,99.9,99.9,999.9,"- not seeing anything,Laevens et al. 2015 discovery paper makes it sound like it could be a weird one again",66.98846094165259,635.4234721453141,hi4pi,upper_limit,0.02,no velocity,59.89860112013722,784.3329275575228,479.48126541536755,-212.6448956841388
21,SMC,0,52,44.8,-72,49,43,0.419,19.03,0.12,145.6,2.2,0.2,999.9,9.99,99.9,99.99,9.99,9.99,27.6,0.5,0.0,0.0,460.0,x,u,22.0,2.0,60.0,,63.97348354826482,460000000.0,various,detected_mass,,,61.33335457612916,805.607067992646,497.90329660484724,-209.19246954977248
22,Bootes(I),14,0,6.0,14,30,0,0.017,19.11,0.08,99.0,12.8,0.2,14.0,0.39,27.5,12.6,1.0,1.0,2.4,0.9,99.9,99.9,,gs,u,0.0,0.0,0.0,212+10s.mir (at edge)  stdev 0.08K (0.073-0.075),66.37430704019089,,,upper_limit,0.024946,"images missing, does have velocity",63.96114037127114,815.5810026974414,506.12710355736965,-208.07689823377862
23,Draco,17,20,12.4,57,54,55,0.027000000000000003,19.4,0.17,-291.0,10.6,0.2,89.0,0.31,25.0,10.0,0.3,0.3,9.1,1.2,0.0,0.0,0.0,x,u,0.0,0.0,0.0,,75.85775750291836,8617.974944100957,hi4pi,upper_limit,0.21153,"josh method, needs fixing",75.87964874634545,750.4493783402327,454.592063199005,-213.76840481578813
24,UrsaMinor,15,9,8.5,67,13,21,0.032,19.4,0.1,-246.9,10.6,0.5,53.0,0.56,26.0,8.2,1.2,1.2,9.5,1.2,0.0,0.0,0.0,x,u,0.0,0.0,0.0,,75.85775750291836,598.5852364615366,hi4pi,upper_limit,0.0146924,ok,77.80762889486152,753.8764924476371,461.54737198777696,-209.48934070505888
25,HorologiumII,3,16,32.1,-50,1,5,9.999,19.46,0.2,999.9,16.9,0.2,127.0,0.52,99.9,2.09,0.44,0.41,99.9,99.9,99.9,99.9,99.9,x,u,99.9,99.9,999.9,"- no seeing, Kim & Jerjen 2015 discovery paper",77.98301105232593,775.0072456295995,hi4pi,upper_limit,0.018,no velocity,79.05874934151106,792.6584399496238,505.53806834364315,-192.61924488891222
26,Horologium1,2,55,31.7,-54,7,8,9.999,19.5,0.2,113.0,16.1,0.1,999.9,9.99,99.9,1.31,0.19,0.14,5.0,99.9,99.9,99.9,99.9,x,u,99.9,99.9,999.9,"- Koposov et al. 2015 v_hel = 113 km/s, disp 5 km/s, D=79 kpc",79.43282347242814,764.3207540811753,hi4pi,upper_limit,0.0171097,ok,79.77741874913639,795.7437011036748,508.8178457270274,-191.43084178435427
27,Eridanus3,2,22,45.5,-52,17,1,9.999,19.7,0.2,999.9,17.7,0.3,83.0,0.27,99.9,0.54,0.5,0.1,99.9,99.9,99.9,99.9,99.9,x,u,99.9,99.9,999.9,"- not seeing, Conn et al. says maybe star cluster",87.09635899560806,1074.145846241324,hi4pi,upper_limit,0.02,no velocity,87.18903225680621,792.0960090281561,514.2317572930522,-184.9937849275569
28,Phoenix2,23,39,59.4,-54,24,22,9.999,19.6,0.2,999.9,16.8,0.2,164.0,0.47,99.9,1.09,0.26,0.16,99.9,99.9,99.9,99.9,99.9,x,u,99.9,99.9,999.9,- not seeing,83.17637711026715,832.6877565980333,hi4pi,upper_limit,0.017,no velocity,80.19925249755157,791.7685500550291,506.034986219991,-191.69842478627547
29,Sculptor,1,0,9.4,-33,42,33,0.018000000000000002,19.67,0.14,111.4,8.6,0.5,99.0,0.32,23.5,11.3,1.6,1.6,9.2,1.4,0.0,0.0,0.0,x,u,0.0,0.0,0.0,,85.90135215053961,,,upper_limit,0.0615595,I want to put this as an upper limit for the core.  MC had 0.22 in MHI column,86.11874901914616,759.3339028946015,478.40498467024474,-198.06950702235915
30,Sextans(I),10,13,3.0,-1,36,53,0.047,19.67,0.1,224.2,10.4,0.5,56.0,0.35,27.1,27.8,1.2,1.2,7.9,1.3,0.0,0.0,0.0,x,u,0.0,0.0,0.0,(too south for g),85.90135215053961,30163.37615055954,hi4pi,upper_limit,0.57736,"josh method, needs fixing",89.0716007155676,833.487105184919,539.809829346302,-184.81409655512766
31,ReticulumIII,3,45,26.4,-60,27,0,9.999,19.81,0.31,999.9,16.5,0.3,999.9,9.99,99.9,2.4,0.9,0.8,99.9,99.9,99.9,99.9,99.9,x,u,99.9,99.9,999.9,- not seeing,91.62204901219992,1010.3740397747455,hi4pi,upper_limit,0.017,no velocity,91.72257344118749,811.4254646497477,533.3235097767289,-178.6234941756785
32,Indus1,21,8,49.1,-51,9,56,9.999,20.0,0.2,999.9,16.5,0.2,999.9,9.99,99.9,1.26,0.45,0.27,99.9,99.9,99.9,99.9,99.9,x,u,99.9,99.9,999.9,-,100.0,1416.0000000000002,hi4pi,upper_limit,0.02,no velocity,94.1608967333548,807.7773422819871,534.1039947129871,-176.3105895411082
33,UrsaMajor(I),10,34,52.8,51,55,12,0.02,19.93,0.1,-55.3,14.4,0.3,71.0,0.8,27.7,11.3,1.7,1.7,7.6,1.0,99.9,99.9,0.0,x,u,0.0,0.0,0.0,,96.82778562612486,74927.06415228693,hi4pi,upper_limit,1.12877,"josh method, needs fixing",101.58851861732727,772.8009981396225,513.8101152754059,-177.21760027754368
34,Grus1,22,56,42.4,-50,9,48,9.999,20.4,0.2,-141.0,17.0,0.3,4.0,0.41,99.9,1.77,0.85,0.39,99.9,99.9,99.9,99.9,99.9,x,u,99.9,99.9,999.9,Walker et al. (2016) v_hel = -140.5 km/s,120.22644346174131,2165.8529076975533,hi4pi,upper_limit,0.0211639,ok,116.39050010072206,796.5269213481645,556.150528383162,-156.49620945756598
35,Pictoris1,4,43,47.4,-50,16,59,9.999,20.3,0.2,999.9,17.2,0.3,78.0,0.47,99.9,0.88,0.27,0.13,99.9,99.9,99.9,99.9,99.9,x,u,99.9,99.9,999.9,- not seeing,114.8153621496884,1866.6515417958767,hi4pi,upper_limit,0.02,no velocity,116.56516101783973,816.6471721683197,569.4035202738263,-153.8658282334326
36,Carina,6,41,36.7,-50,57,58,0.061,20.11,0.13,222.9,11.0,0.5,65.0,0.33,25.5,8.2,1.2,1.2,6.6,1.2,0.0,0.0,0.0,x,u,0.0,0.0,0.0,,105.19618738232236,1127.8098307322118,hi4pi,upper_limit,0.0143947,ok,107.09497988727752,836.1454815567728,563.8246754437846,-165.167732670025
37,Hercules,16,31,2.0,12,47,30,0.063,20.6,0.2,45.2,14.0,0.3,102.0,0.68,27.2,8.6,1.8,1.1,3.7,0.9,99.9,99.9,,gs,u,0.0,0.0,0.0,244+10s  stdev 0.08K,131.82567385564076,,,upper_limit,0.0124405,"images missing, does have velocity",126.14185153034269,822.2244501894286,586.4320836312901,-144.23108325673095
38,HydraII,12,21,42.1,-31,59,7,0.053,20.64,0.16,303.1,15.8,0.3,28.0,0.01,99.9,1.7,0.3,0.2,99.9,99.9,99.9,99.9,99.9,x,u,99.9,99.9,999.9,,134.2764961137864,2558.6132897298457,hi4pi,upper_limit,0.0200434,ok,131.50957037658077,910.7568900760974,586.1375784466628,-198.51801157311203
39,Fornax,2,39,59.3,-34,26,57,0.021,20.84,0.18,55.3,7.4,0.3,41.0,0.3,23.3,16.6,1.2,1.2,11.7,0.9,0.0,0.0,0.0,x,u,0.0,0.0,0.0,,147.23125024327194,,,upper_limit,0.0248619,"keep as limit at core, MC had 0.17",149.40381092937437,766.0602826549687,579.7241257513037,-135.5307049474825
40,LeoIV,11,32,57.0,0,32,0,0.026000000000000002,20.94,0.09,132.3,15.1,0.4,121.0,0.49,27.5,4.6,0.8,0.8,3.3,1.7,99.9,99.9,,gs,u,0.0,0.0,0.0,172+2  stdev 0.095K noisier region getting into galactic,154.17004529495617,,,upper_limit,0.018579,"images missing, does have velocity",154.83079082375554,895.1866270605733,637.5418701615795,-130.97520054573698
41,CanesVenaticiII,12,57,10.0,34,19,15,0.01,21.02,0.06,-128.9,16.1,0.5,177.0,0.52,26.1,1.6,0.3,0.3,4.6,1.0,99.9,99.9,0.0,x,u,0.0,0.0,0.0,196+34 stdev 0.076K,159.9558028614668,474.21009000000004,hi4pi,upper_limit,0.01308899,"images missing, does have velocity",160.59157403189548,833.1509980872378,648.0793633860776,-109.87122840437104
42,LeoV,11,31,9.6,2,13,12,0.027000000000000003,21.25,0.12,173.3,16.0,0.4,96.0,0.5,27.1,2.6,0.6,0.6,3.7,2.3,99.9,99.9,0.0,x,u,0.0,0.0,0.0,172+2 stdev 0.08K rounding up,177.82794100389228,28.00471,hi4pi,upper_limit,0.020724623,ok,178.63304256849773,910.7161415068299,677.3101434859701,-107.46800903114902
43,PiscesII,22,58,31.0,5,57,9,0.065,21.3,9.99,-227.0,16.3,0.5,77.0,0.4,25.7,1.1,0.1,0.1,5.4,99.9,99.9,99.9,99.9,x,u,99.9,99.9,999.9,"348+2s.mir - Kirby et al. (2015) -226.5 km/s, dis = 5.4 km/s 0.04K except about 30 km/s to -80 (nasty baseline, mag st through region, clear at position, but interesting that diffuse elevated)",181.97008586099827,321.42495,galfa,upper_limit,0.0374291,,181.09930613492926,655.8643249630317,448.8444410204042,-183.01085429570895
44,ColumbaI,5,31,26.4,-28,1,48,9.999,21.3,0.22,999.9,16.8,0.2,999.9,9.99,99.9,1.9,0.5,0.4,99.9,99.9,99.9,99.9,99.9,x,u,99.9,99.9,999.9,- not velocity,181.97008586099827,5157.698348212833,hi4pi,upper_limit,0.022,no velocity,186.61959617597867,818.5654324067178,689.1593308916612,-86.52108080599487
45,Pegasus3,22,24,22.6,5,25,12,9.999,21.56,0.2,999.9,17.5,0.5,133.0,0.46,99.9,1.3,0.5,0.4,99.9,99.9,99.9,99.9,,g,unv,99.9,99.9,999.9,340+2s.mir - not seeing  ~0.06K void 30 to -60 km/s about,205.11621788255627,,,upper_limit,0.05,no velocity,203.1438772624104,657.3812407659716,503.34301274560397,-156.12320109360112
46,IndusI?,20,38,52.8,-46,9,36,9.999,21.65,0.16,999.9,17.4,0.2,999.9,9.99,99.9,2.9,1.1,1.0,99.9,99.9,99.9,99.9,99.9,x,u,99.9,99.9,999.9,- not seeing,213.79620895022325,6148.750326699301,hi4pi,upper_limit,0.019,no velocity,207.29559489704326,851.770514744259,742.6445595608517,-63.24129770461067
47,CanesVenatici(I),13,28,3.5,33,33,21,0.013999999999999999,21.69,0.1,30.9,13.1,0.2,70.0,0.39,27.1,8.9,0.4,0.4,7.6,0.4,99.9,99.9,,gs,u,0.0,0.0,0.0,"204+34 0.06K would benefit from unsharp mask as close to Galactic, baselines generally look quite good, but can see Josh’s point on velocity on-off on this one as baseline going up and down with position",217.7709772353159,,,upper_limit,0.0153018,"images missing, does have velocity",217.53232192670862,859.6165859273929,765.2583766448963,-52.893781397949574
48,LeoII,11,13,28.8,22,9,6,0.017,21.84,0.13,78.0,12.0,0.3,12.0,0.13,24.2,2.6,0.6,0.6,6.6,0.7,99.9,99.9,0.0,x,u,0.0,0.0,0.0,172+18  0.08K towards edge of the cube,233.34580622810043,893.58639,hi4pi,upper_limit,0.01158971,ok,235.9336693935732,897.2215213955776,805.2891469829119,-35.705862932768625
49,LeoI,10,8,28.1,12,18,23,0.036000000000000004,22.02,0.13,282.5,10.0,0.3,79.0,0.21,22.6,3.4,0.3,0.3,9.2,1.4,0.0,0.0,,gs,u,0.0,0.0,0.0,156+10  0.09K towards edge,253.5128630497907,,,upper_limit,0.031631,check HI4PI,257.39408344397714,917.8041500605676,849.5484946589173,-15.421046884390364
50,#Andromeda,0,42,44.3,41,16,9,0.684,24.47,0.07,-300.0,99.9,9.9,999.9,9.99,99.9,99.99,9.99,9.99,99.9,99.9,99.9,99.9,99.9,x,u,99.9,99.9,99.9,,,,,,,,787.4587084604697,4.429646594539807,335.7110798239375,-295.35201623529633
51,M32,0,42,41.8,40,51,55,0.154,24.53,0.21,-199.0,8.1,0.1,159.0,0.25,11.1,0.47,0.05,0.05,92.0,5.0,55.0,3.0,0.0,x,u,0.0,0.0,0.0,,805.3784411990677,176702.82413085186,hi4pi,upper_limit,0.0384778,ok,809.3926515062443,26.96192681629513,357.9680179808525,-285.73809129220336
52,AndromedaIX,0,52,53.0,43,11,45,0.075,24.42,0.07,-209.4,16.3,1.1,999.9,9.99,28.0,2.5,0.1,0.1,10.9,2.0,99.9,99.9,0.0,x,u,0.0,0.0,0.0,,765.5966069112569,55334.62428808137,hi4pi,upper_limit,0.0133341,ok,769.9102065544594,38.6579818764123,332.21943361279034,-262.96317841633385
53,NGC205,0,40,22.1,41,41,7,0.085,24.58,0.07,-246.0,8.1,0.1,28.0,0.43,19.2,2.46,0.1,0.1,35.0,5.0,11.0,5.0,0.4,x,u,16.1,99.9,0.0,,824.1381150130012,400000.0,various,detected_mass,,"Young & Lo 1997, seems solid, though they do say there could be residual M31 contamination",828.1245265842053,45.933996276145095,377.12632641331754,-278.900977216036
54,AndromedaI,0,45,39.8,38,2,28,0.053,24.36,0.07,-376.3,12.5,0.1,22.0,0.22,24.7,3.1,0.3,0.3,10.2,1.9,99.9,99.9,0.0,x,u,0.0,0.0,0.0,,744.7319739059889,75490.19896782096,hi4pi,upper_limit,0.0192246,ok,748.7238656759272,55.41448211268955,317.7352504145411,-259.8848076154092
55,AndromedaXVII,0,37,7.0,44,19,20,0.07400000000000001,24.31,0.11,-251.6,15.8,0.4,122.0,0.27,25.7,1.24,0.08,0.08,2.9,2.2,99.9,99.9,0.0,x,u,0.0,0.0,0.0,,727.7798045368243,41792.441494908395,hi4pi,upper_limit,0.0111446,ok,731.7798431158176,66.45885781302664,300.38524961196663,-263.9392356211756
56,AndromedaXXVII,0,37,27.1,45,23,13,0.08,24.59,0.12,-539.6,16.7,0.5,150.0,0.4,27.6,1.8,0.3,0.3,14.8,4.3,99.9,99.9,99.9,x,u,99.9,99.9,99.9,,827.9421637123345,91039.81474305879,hi4pi,upper_limit,0.0187585,ok,831.9765970253278,76.85764106523405,413.0674180946954,-227.55578191477582
57,AndromedaIII,0,35,33.8,36,29,52,0.055999999999999994,24.37,0.07,-344.3,14.2,0.3,136.0,0.52,24.8,2.2,0.2,0.2,9.3,1.4,99.9,99.9,0.0,x,u,0.0,0.0,0.0,"004+34, m31",748.1695005111552,12493.332540000001,galfa,upper_limit,0.086061373,ok,751.8574558346219,73.03775990457883,345.75453749310935,-237.77161540934793
58,AndromedaXXV,0,30,8.9,46,51,7,0.10099999999999999,24.55,0.12,-107.8,14.8,0.5,170.0,0.25,27.1,3.0,0.2,0.2,3.0,1.2,99.9,99.9,99.9,x,u,99.9,99.9,99.9,,812.8305161640995,104440.15804667487,hi4pi,upper_limit,0.0223272,"high background, smoothed cube may make this limit worse",816.7524348119018,90.19053704338167,429.1849540891844,-207.0115477865504
59,AndromedaXXVI,0,23,45.6,47,54,58,0.11,24.41,0.12,-261.6,17.3,0.5,145.0,0.25,27.4,1.0,0.1,0.1,8.6,2.8,99.9,99.9,99.9,x,u,99.9,99.9,99.9,,762.0790100254115,50044.453596407686,hi4pi,upper_limit,0.0121709,ok,765.9014617762692,101.57666854836707,409.19372644049724,-202.45039713689005
60,AndromedaV,1,10,17.1,47,37,41,0.125,24.44,0.08,-403.0,14.9,0.2,32.0,0.18,25.3,1.4,0.2,0.2,11.5,5.3,99.9,99.9,0.0,x,u,0.0,0.0,0.0,,772.6805850957021,80461.55479625608,hi4pi,upper_limit,0.0190351,ok,777.4449073893646,108.84272467512164,433.79297735258126,-191.73740250820552
61,AndromedaXI,0,46,20.0,33,48,5,0.08,24.33,0.05,-419.6,17.5,1.2,999.9,9.99,26.5,0.71,0.03,0.03,4.6,99.9,99.9,99.9,0.0,x,u,0.0,0.0,0.0,"012+34, m31",734.5138681571144,9268.51441,hi4pi,upper_limit,0.0121324,ok,738.3651040097202,108.50015720712128,383.39443161644647,-209.32584946974052
62,AndromedaXIX,0,19,32.1,35,2,37,0.062,24.57,0.08,-111.6,15.6,0.6,37.0,0.17,29.3,6.2,0.1,0.1,4.7,1.6,99.9,99.9,,gs,u,99.9,99.9,99.9,"004+34, m31",820.3515443298177,,,upper_limit,0.0360227,"check HI4PI, ok, note nearby cloud elevates limit",823.569939373222,115.21287642163914,472.7439585505397,-181.68958252137344
63,AndromedaXXIII,1,29,21.8,38,43,8,0.066,24.43,0.13,-237.7,14.2,0.5,138.0,0.4,28.0,4.6,0.2,0.2,7.1,1.0,99.9,99.9,99.9,x,u,99.9,99.9,99.9,,769.1304402866098,81961.66420634136,hi4pi,upper_limit,0.0195694,ok,774.1494641014351,125.60122790382326,460.8931153097412,-176.68651319095812
64,AndromedaXX,0,7,30.7,35,7,56,0.059000000000000004,24.35,0.12,-456.2,18.2,0.8,80.0,0.3,26.2,0.53,0.14,0.04,7.1,3.9,99.9,99.9,99.9,x,u,99.9,99.9,99.9,004+34,741.3102413009177,10819.92472,galfa,upper_limit,0.0759196,ok,744.2285037912894,128.09612729926886,429.99801337861373,-186.36701133802768
65,AndromedaXIII,0,51,51.0,33,0,16,0.08199999999999999,24.62,0.05,-185.4,18.1,1.2,999.9,9.99,27.3,0.78,0.08,0.08,5.8,2.0,99.9,99.9,0.0,x,u,0.0,0.0,0.0,012+34,839.4599865193982,13897.46464,galfa,upper_limit,0.076044,ok,843.415112582617,133.7475840660747,509.9086962350132,-165.3648664642386
66,AndromedaX,1,6,33.7,44,48,16,0.129,24.13,0.08,-164.1,16.6,1.0,46.0,0.44,26.3,1.3,0.1,0.1,6.4,1.4,99.9,99.9,0.0,x,u,0.0,0.0,0.0,,669.8846094165258,34335.10731737203,hi4pi,upper_limit,0.010806999999999999,ok,674.5323961197914,129.98827643628397,284.5908607922789,-245.88486284538527
67,AndromedaXXI,23,54,47.7,42,28,15,0.09300000000000001,24.59,0.06,-362.5,14.8,0.6,110.0,0.2,27.0,3.5,0.3,0.3,4.5,1.2,99.9,99.9,99.9,x,u,99.9,99.9,99.9,,827.9421637123345,68938.08398953959,hi4pi,upper_limit,0.014204499999999998,ok,830.90444663023,135.16916048461684,511.5111515790471,-161.72340886256248
68,AndromedaXXXII,0,35,59.4,51,33,35,0.193,24.45,0.14,999.9,12.2,0.7,-90.0,0.5,26.4,6.5,1.2,1.0,99.9,99.9,99.9,99.9,99.9,x,u,99.9,99.9,999.9,- not seeing,776.2471166286911,59725.706171690224,hi4pi,upper_limit,0.013999999999999999,no velocity,780.4102824922064,140.3846524224809,494.9540949003768,-160.91495295501994
69,NGC147,0,33,12.1,48,30,32,0.172,24.15,0.09,-193.1,9.5,0.1,25.0,0.41,21.2,3.17,9.99,9.99,16.0,1.0,17.0,2.0,0.0,x,u,0.0,0.0,0.0,,676.0829753919819,67278.97883786725,hi4pi,upper_limit,0.0207896,ok,680.121884796466,139.44396969469102,326.5757322110464,-224.5148387437874
70,AndromedaXXX,0,36,34.9,49,38,48,0.166,24.17,0.1,-139.8,16.2,0.3,999.9,9.99,99.9,1.35,0.12,0.18,11.8,7.7,99.9,99.9,99.9,x,u,99.9,99.9,999.9,,682.3386941416704,40179.86383908407,hi4pi,upper_limit,0.0121892,ok,686.4742059578084,144.4809306474485,355.9716209048339,-211.24563624688855
71,AndromedaXIV,0,51,35.0,29,41,49,0.06,24.5,0.06,-480.6,15.9,0.5,999.9,0.31,27.2,1.7,0.8,0.8,5.3,1.0,99.9,99.9,0.0,x,u,0.0,0.0,0.0,012+26,794.3282347242822,4752.33774,galfa,upper_limit,0.029042697000000003,ok,798.1430249713385,161.2178028218214,549.9480754456064,-137.38422835709167
72,AndromedaXII,0,47,27.0,34,22,29,0.11,24.84,0.09,-558.4,18.3,1.2,999.9,9.99,28.5,1.2,0.2,0.2,2.6,5.1,99.9,99.9,0.0,x,u,0.0,0.0,0.0,"012+34, m31",928.9663867799362,15851.408919999998,galfa,upper_limit,0.07082680000000001,ok,932.8605283931978,182.0549669067459,565.241422583859,-155.6633333833169
73,AndromedaXV,1,14,18.7,38,7,3,0.047,23.98,0.26,-323.0,14.6,0.3,0.0,0.0,24.8,1.21,0.05,0.05,4.0,1.4,99.9,99.9,0.0,x,u,0.0,0.0,0.0,,625.1726927756862,40923.15702039255,hi4pi,upper_limit,0.0147889,ok,629.8459683285275,174.90734486256784,269.5679931740213,-241.0117136663976
74,AndromedaII,1,16,29.8,33,25,9,0.061,24.07,0.06,-192.4,11.5,0.2,34.0,0.2,24.5,6.2,0.2,0.2,7.8,1.1,10.9,2.4,,gs,u,0.0,0.0,0.0,"020+34,m31?""NGC185             0 38 58.0  48 20 15  23.95 0.09 0.09 -203.8  1.1  1.1 0.11 m31AndromedaXXIX     23 58 55.6  30 45 20  24.32 0.22 0.22 -194.4  1.5  1.5 99.9 g31dr1 356+34""",651.6283940608428,,,detected_mass,0.021649099999999998,ok,656.21839787634,180.6462908167208,374.2808636729991,-197.69396591370426
75,NGC185,0,38,58.0,48,20,15,0.184,23.95,0.09,-203.8,9.2,0.1,35.0,0.15,20.8,2.55,9.99,9.99,24.0,1.0,15.0,5.0,0.11,x,u,15.3,0.8,0.0,,,110000.0,various,detected_mass,,ok,620.7507893267554,183.6903328868837,265.63214568096026,-240.84658638243914
76,AndromedaXXIX,23,58,55.6,30,45,20,0.046,24.32,0.22,-194.4,16.0,0.4,51.0,0.35,99.9,1.7,0.2,0.2,5.7,1.2,99.9,99.9,99.9,x,u,99.9,99.9,99.9,,,5012.81372,galfa,upper_limit,0.036158554,"images missing, does have velocity",733.5978781559687,186.5915766726298,539.3850522486873,-135.30499039286752
77,Triangulum,1,33,50.9,30,39,37,0.040999999999999995,24.54,0.06,-179.2,5.7,0.1,999.9,9.99,99.9,99.99,9.99,9.99,99.9,99.9,99.9,99.9,99.9,x,u,99.9,99.9,99.9,,,,,,,,814.0136279154178,206.47981938585056,655.8021495982058,-91.82663485629895
78,AndromedaXXIV,1,18,30.0,46,21,58,0.083,23.89,0.12,-128.2,16.3,0.5,5.0,0.25,27.8,2.1,0.1,0.1,99.9,99.9,99.9,99.9,99.9,x,u,99.9,99.9,99.9,,599.7910762555101,39587.90472252748,hi4pi,upper_limit,0.015542799999999999,ok,604.7110270884763,204.2055140336037,279.5828386767355,-231.4258871719253
79,AndromedaVII,23,26,31.7,50,40,33,0.19399999999999998,24.41,0.1,-307.2,11.2,0.3,94.0,0.13,23.2,3.5,0.1,0.1,13.0,1.0,99.9,99.9,0.0,x,u,0.0,0.0,0.0,,762.0790100254115,65554.20874727161,hi4pi,upper_limit,0.0159429,ok,764.8427153945493,217.3332100524292,643.994029819644,-93.85797316232176
80,IC10,0,20,17.3,59,18,14,1.568,24.5,0.12,-348.0,9.5,0.2,999.9,0.19,24.6,2.65,9.99,9.99,99.9,99.9,99.9,99.9,50.0,x,u,8.0,1.0,34.0,,794.3282347242822,50000000.0,various,detected_mass,,surprised by small r_h,798.3732327226505,251.62837593124792,748.8824738667813,-52.653156560128124
81,AndromedaXXXI,22,58,16.3,41,17,28,0.133,24.4,0.12,999.9,12.7,0.7,-59.0,0.43,25.8,4.2,0.4,0.5,99.9,99.9,99.9,99.9,99.9,x,u,99.9,99.9,999.9,- not seeing,758.5775750291837,81482.2951269414,hi4pi,upper_limit,0.02,no velocity,760.1517720755236,261.8490575307353,740.3615873310389,-55.038176683710276
82,LGS3,1,3,55.0,21,53,6,0.04,24.43,0.07,-286.5,14.3,0.1,0.0,0.2,24.8,2.1,0.2,0.2,7.9,5.3,99.9,99.9,0.38,x,u,9.1,0.3,5.0,"012+18 - check at least some of these detections for a reality check, or do you actually want to remeasure these?  There is this Courtois & Tully 2015 paper on remeasuring HI",769.1304402866098,380000.0,various,detected_mass,,,772.9209498877707,267.55717886589997,765.4859645527014,-45.45856185064801
83,AndromedaVI,23,51,46.3,24,34,57,0.063,24.47,0.07,-339.8,13.0,0.2,163.0,0.41,24.1,2.3,0.2,0.2,12.4,1.5,99.9,99.9,0.0,x,u,0.0,0.0,0.0,356+26,783.4296427662119,4828.73438,galfa,upper_limit,0.030336279,"images missing, does have velocity",785.3191976975977,268.2561878343674,777.5143091639796,-40.97481808199458
84,AndromedaXXII,1,27,40.0,28,5,25,0.079,24.82,0.07,-129.8,18.0,0.8,114.0,0.56,26.7,0.94,0.1,0.1,2.8,1.9,99.9,99.9,99.9,x,u,99.9,99.9,99.9,020+26,920.4495717531722,7856.74475,galfa,upper_limit,0.035757869,"missing, location correct?, not sure why i said this",925.1259827343076,275.65839402702466,820.4750227421586,-26.238130270026186
85,AndromedaXVI,0,59,29.8,32,22,36,0.067,23.39,0.19,-367.3,14.4,0.3,0.0,0.0,23.9,0.89,0.05,0.05,3.8,2.9,99.9,99.9,0.0,x,u,0.0,0.0,0.0,012+34,476.4309868054156,4059.26808,galfa,upper_limit,0.0689568,check hi4pi limit due to high galfa limit,480.57904206858035,318.9487868698822,216.8971344817017,-244.45933404753973
86,AndromedaXXVIII,22,32,41.2,31,12,58,0.096,24.1,0.5,-326.2,15.6,0.4,39.0,0.34,26.3,1.11,0.21,0.21,6.6,2.9,99.9,99.9,99.9,x,u,99.9,99.9,99.9,340+34,660.6934480075964,3557.6326700000004,galfa,upper_limit,0.031426143,"images missing, does have velocity",660.8831138356675,365.382541262497,848.8673664380555,-12.724716687111824
87,AndromedaXXXIII,3,1,23.6,40,59,18,0.131,24.44,0.18,999.9,14.1,0.7,-6.0,0.43,25.6,1.7,0.4,0.4,99.9,99.9,99.9,99.9,99.9,x,u,99.9,99.9,999.9,- not seeing,772.6805850957021,63405.14743520344,hi4pi,upper_limit,0.015,"no velocity, is conversion def right on hi4pi to MHI?  looks high.",779.4639343525407,348.2590787946932,957.6751656305396,28.183149696710522
88,IC1613,1,4,47.8,2,7,4,0.025,24.39,0.12,-231.6,9.2,0.1,50.0,0.11,22.8,6.81,9.99,9.99,10.8,1.0,99.9,99.9,65.0,x,u,5.9,1.0,25.0,012+02,755.0922276654342,65000000.0,various,detected_mass,,,757.7397472640301,518.4477040516994,1316.2677313678084,159.68401388774302
89,Phoenix,1,51,6.3,-44,26,41,0.016,23.09,0.1,-13.0,13.2,0.4,5.0,0.4,25.8,3.76,9.99,9.99,99.9,99.9,99.9,99.9,0.12,x,u,10.0,4.0,0.0,,414.95404263436325,120000.0,various,detected_mass,,"Young et al. 2007, offset blowout?  tempted to list as limit in the center, look at cube",415.01034053125113,858.0538556973753,1205.0995616816215,126.90475584637109
90,Eridanus2,3,44,21.1,-43,32,0,9.999,22.9,0.2,999.9,16.3,0.1,81.0,0.4,99.9,1.53,0.14,0.09,99.9,99.9,99.9,99.9,99.9,x,u,99.9,99.9,999.9,- not seeing,380.18939632056123,20467.42715376234,hi4pi,upper_limit,0.02,no velocity,382.18893063733265,885.7661103844113,1142.3658014212917,104.83370294635351
91,NGC6822,19,44,56.6,-14,47,21,0.231,23.31,0.08,-54.5,8.1,0.2,330.0,0.24,19.7,2.65,9.99,9.99,23.2,1.2,99.9,99.9,130.0,x,u,5.8,1.9,47.0,,459.19801283686854,130000000.0,various,detected_mass,,ok,452.16684104420585,886.1135511805554,1305.9443707424903,166.08660644149094
92,Cetus,0,26,11.0,-11,2,40,0.028999999999999998,24.39,0.07,-83.9,13.1,0.2,63.0,0.33,25.0,3.2,0.1,0.1,8.3,1.0,7.7,1.2,0.0,x,u,0.0,0.0,0.0,,755.0922276654342,95114.61460733594,hi4pi,upper_limit,0.0235621,ok,755.6300624652935,677.2142821017397,1629.2622739519982,273.36250387669804
93,PegasusdIrr,23,28,36.3,14,44,35,0.068,24.82,0.07,-179.5,12.6,0.2,120.0,0.46,22.8,2.1,0.04,0.04,12.3,1.2,10.0,0.3,5.9,x,u,9.0,99.9,21.0,"- check DR1 and DR2 on this, DR1 356+18 (-153 (816) to -207 (743), lovely deep data extended)  for mbspect need to get the beam info in there to be accurate. kvis simple sum is ~2500 K km/s, extended but 2500 K / 9.1 K/Jy = 275 Jy km/s  MHI= 0.236*275*919^2 = 5.5 x 10^7  Nope and get an order of magnitude lower than the value quoted here (5.9 x 10^6) with mbspect without beam info, putting 0.00116 radians for bmaj/bmin in which gives the 240 arcsec beam.  it just gives something similar to kvis without conversion with beam 3500 K*pix km/s (or 3100 robust).  yes if you divide by the number of pixels per beam (say ~12) and then the 9.1 you get about the right answer.  otherwise try going through this the column density way",920.4495717531722,5900000.0,various,detected_mass,,,920.9877453366568,474.36864561523737,1337.8406487297232,173.46722258215752
94,LeoT,9,34,53.4,17,3,5,0.031,23.1,0.1,38.1,15.1,0.5,0.0,0.0,24.8,0.99,0.06,0.06,7.5,1.6,99.9,99.9,0.28,x,u,6.9,1.0,0.0,,416.8693834703355,280000.0,various,detected_mass,,,421.84975462963746,986.6725256561386,1243.9116420791784,151.4561470263611
95,WLM,0,1,58.2,-15,27,39,0.038,24.85,0.08,-130.0,10.6,0.1,179.0,0.55,23.7,8.62,0.26,0.26,17.5,2.0,17.0,1.0,61.0,x,u,4.5,1.0,30.0,,933.2543007969924,61000000.0,various,detected_mass,,,932.7841206393082,823.0366586179377,2124.279849159671,455.0812069873113
96,AndromedaXVIII,0,2,14.5,45,5,20,0.106,25.42,0.07,-332.1,16.0,9.9,999.9,9.99,25.6,0.92,0.06,0.06,9.7,2.3,99.9,99.9,99.9,x,u,99.9,99.9,99.9,,1213.3888504649785,223479.5467967583,hi4pi,upper_limit,0.021439,ok,1216.628536460068,456.6342273072353,895.1121741446497,7.023331579816358
97,LeoA,9,59,26.5,30,44,47,0.021,24.51,0.12,24.0,12.4,0.2,114.0,0.4,22.8,2.15,9.99,9.99,6.7,1.4,0.0,0.0,11.0,x,u,9.3,1.4,0.0,,797.9946872679768,11000000.0,various,detected_mass,,,802.8659167619958,1196.7170096260472,2241.8544807814496,528.8683950078922
98,Aquarius,20,46,51.8,-12,50,53,0.051,25.15,0.08,-137.7,14.5,0.1,98.7,0.5,23.6,1.47,0.04,0.04,7.9,1.9,99.9,99.9,4.1,x,u,5.8,0.1,0.0,,1071.5193052376048,4099999.9999999995,various,detected_mass,,ok,1065.747288300862,1154.7022852555588,2823.1454633318285,714.1355936832375
99,Tucana,22,41,49.6,-64,25,10,0.031,24.74,0.12,194.0,15.2,0.2,97.0,0.48,25.0,1.1,0.2,0.2,15.8,4.1,16.0,99.9,0.0,x,u,0.0,0.0,0.0,,887.15601203796,85395.81245612683,hi4pi,upper_limit,0.0153251,ok,882.6991706754717,1345.7201032662738,2405.8728651647034,611.8442304143966
100,SagittariusdIrr,19,29,59.0,-17,40,51,0.124,25.14,0.18,-78.5,13.6,0.2,90.0,0.5,23.9,0.91,0.05,0.05,99.9,99.9,99.9,99.9,8.8,x,u,10.0,1.0,0.0,,1066.596121230259,8800000.0,various,detected_mass,,ok,1059.2136667673417,1344.2832478666346,2930.6313661970094,774.9529446781436
101,UGC4879,9,16,2.2,52,50,24,0.016,25.67,0.04,-29.2,13.2,0.2,84.2,0.44,21.2,0.41,0.04,0.04,9.6,1.3,99.9,99.9,0.95,x,u,11.0,1.1,0.0,,1361.4446824659512,950000.0,various,detected_mass,,"galactic confusion, Bellazini et al 2011, I guess ok, WSRT obs and small amount of gas with their obs. centered, could note value is likely affected by the confusion",1367.322429543799,1393.7559994128699,3612.566881207151,1001.1534699482643
102,AntliaB,9,48,56.1,-25,59,24,0.069,25.56,0.16,376.0,15.9,0.6,4.0,0.3,99.9,0.72,0.07,0.07,99.9,99.9,99.9,99.9,0.28,x,u,0.02,0.02,999.9,,1294.1958414499863,280000.0,various,detected_mass,,"no obvious detection in our data, check consistent with limits in final plot",1295.8216155266073,1956.5211091721774,2719.623509094398,950.2077048848311
103,NGC3109,10,3,6.9,-26,9,35,0.067,25.57,0.08,403.0,10.7,0.1,91.5,0.82,22.6,4.3,0.1,0.1,99.9,99.9,99.9,99.9,450.0,x,u,10.0,99.9,72.4,,1300.1695780332898,450000000.0,various,detected_mass,,ok,1301.2727321198233,1982.6250707306374,2610.7906436877342,943.4029073488206
104,SextansB,10,0,0.1,5,19,56,0.031,25.77,0.03,304.0,11.3,0.2,110.0,0.31,21.9,1.06,0.1,0.1,8.0,99.9,90.0,99.9,51.0,x,u,18.0,99.9,71.0,,1425.607593602188,51000000.0,various,detected_mass,,ok,1429.2166838402595,1939.9807047837846,3582.095614350236,1140.7777160782869
105,Antlia,10,4,4.1,-27,19,52,0.079,25.65,0.1,362.0,15.2,0.2,135.0,0.4,23.9,1.2,0.12,0.12,99.9,99.9,99.9,99.9,0.73,x,u,6.4,0.7,99.9,,1348.9628825916534,730000.0,various,detected_mass,,ok,1349.9686192999084,2033.5561665891871,2676.188697855385,989.4275927064497
106,SextansA,10,11,0.8,-4,41,34,0.045,25.78,0.08,324.0,11.5,0.1,0.0,0.17,22.8,2.47,9.99,9.99,99.9,99.9,99.9,99.9,77.0,x,u,8.0,1.0,20.0,,1432.1878992735456,77000000.0,various,detected_mass,,ok,1434.886957306438,2015.8232100589764,3354.3009251287253,1123.2632432076673
107,HIZSS3(A),7,0,29.3,-4,12,30,1.013,26.12,0.14,288.0,99.9,9.9,999.9,9.99,99.9,99.99,9.99,9.99,99.9,99.9,99.9,99.9,14.0,x,u,99.9,99.9,42.0,,1674.9428760264382,14000000.0,various,detected_mass,,"ok, r_h bad",1681.5494663805566,1917.6859280636745,4610.253018949394,1400.386557641486
108,HIZSS3B,7,0,29.3,-4,12,30,1.013,26.12,0.14,322.6,99.9,9.9,999.9,9.99,99.9,99.99,9.99,9.99,99.9,99.9,99.9,99.9,2.6,x,u,99.9,99.9,99.9,,1674.9428760264382,2600000.0,various,detected_mass,,"ok, r_h bad",1681.5494663805566,1917.6859280636745,4610.253018949394,1400.386557641486
109,LeoP,10,21,45.1,18,5,17,0.10800000000000001,26.05,0.2,264.0,16.9,0.1,999.9,9.99,99.9,99.99,9.99,9.99,99.9,9.9,99.9,99.9,0.94,x,u,99.9,99.9,9.0,(not in dr2),1621.8100973589296,940000.0,various,detected_mass,,,1625.5446476733591,2047.9305507528172,4255.74482999376,1351.0079597439765
110,ESO410-G005,0,15,31.6,-32,10,48,0.013999999999999999,26.42,0.04,999.9,14.9,0.3,57.0,0.37,22.2,0.5,0.05,0.05,99.9,99.9,99.9,99.9,0.73,x,u,14.2,0.6,99.9,,1923.0917289101617,730000.0,various,detected_mass,,,1921.7949685567298,1856.6199269398728,5027.479402226867,1519.3522208083357
111,KKR25,16,13,48.0,54,22,16,0.009000000000000001,26.42,0.07,-65.0,15.5,0.2,999.9,0.49,24.0,0.47,0.03,0.03,99.9,99.9,99.9,99.9,99.9,x,u,99.9,99.9,99.9,,1923.0917289101617,605836.340434887,hi4pi,upper_limit,0.0231378,ok,1922.4773056689673,1868.8482373329928,5050.6466146511375,1527.4251446080746
112,#NGC55,0,14,53.6,-39,11,48,0.013000000000000001,26.43,0.12,129.0,7.9,0.1,108.0,0.83,19.3,5.16,9.99,9.99,99.9,99.9,99.9,99.9,1300.0,x,u,99.9,99.9,86.0,,,1300000000.0,various,detected_mass,,too massive for sample,1930.1898727987957,1957.9038495804643,5195.283813373955,1581.483199689141
113,ESO294-G010,0,26,33.4,-41,51,19,0.006,26.54,0.04,117.0,15.3,0.3,8.0,0.51,22.3,0.42,0.04,0.04,99.9,99.9,99.9,99.9,0.34,x,u,9.7,0.9,99.9,,2032.3570109362208,340000.0,various,detected_mass,,"in galactic, check ref",2030.7707814416165,2066.178785137131,5484.105569453837,1687.8844769448733
114,#NGC300,0,54,53.5,-37,41,4,0.013000000000000001,26.59,0.06,146.0,8.1,0.1,111.0,0.29,21.0,5.0,9.99,9.99,99.9,99.9,80.0,5.0,1800.0,x,u,13.0,5.0,98.8,,,1800000000.0,various,detected_mass,,too massive for sample,2079.077112312088,2058.662756427876,5542.403786835917,1707.1743126527226
115,IC5152,22,2,41.5,-51,17,47,0.025,26.45,0.05,122.0,10.9,9.9,100.0,0.38,20.1,0.97,9.99,9.99,99.9,99.9,99.9,99.9,87.0,x,u,99.9,99.9,99.9,,1949.8445997580454,87000000.0,various,detected_mass,,ok,1944.750501003794,2202.6814488891478,5299.958844656396,1669.6765430157382
116,KKH98,23,45,34.0,38,43,4,0.12300000000000001,27.01,0.09,-136.9,15.2,0.3,175.0,0.41,22.8,0.64,0.06,0.06,99.9,99.9,99.9,99.9,6.6,x,u,99.9,99.9,99.9,,2523.4807724805755,6600000.0,various,detected_mass,,ok,2526.0036733537227,1765.9216184057127,2450.9017257052956,1237.6528809428864
117,UKS2323-326,23,26,27.5,-32,23,20,0.015,26.72,0.09,62.0,13.5,0.2,120.0,0.1,22.9,0.9,0.1,0.1,99.9,99.9,99.9,99.9,17.0,x,u,99.9,99.9,99.9,,2208.0047330188963,17000000.0,various,detected_mass,,"in galactic, Longmore et al. 1982 and then other refs listed for details on HI.  Given distance leave this",2205.3972761352693,2142.497947344995,5818.340924450942,1809.4170093239684
118,KK258,22,40,43.9,-30,47,59,0.011000000000000001,26.85,0.07,92.0,16.3,9.9,999.9,0.5,26.0,9.99,9.99,9.99,99.9,99.9,99.9,99.9,99.9,x,u,99.9,99.9,999.9,,2344.228815319923,869026.1108125001,hi4pi,upper_limit,0.0223357,ok,2340.5100148850256,2283.164516493963,6202.535571759622,1950.0640967907723
119,KKR3,14,7,10.5,35,3,37,0.013999999999999999,26.7,0.12,63.3,17.2,0.3,0.0,0.05,23.8,0.36,0.04,0.04,99.9,99.9,99.9,99.9,2.5,x,u,7.5,0.5,0.0,,2187.761623949552,2500000.0,various,detected_mass,,"in galactic, Begum et al. 2006 is the ref, probably fine, given distance leave it",2186.640603789208,2461.303421638643,5919.728206630994,1914.5444549341453
120,KKs3,2,24,44.4,-73,30,51,0.045,26.63,0.07,316.0,14.5,0.1,999.9,0.6,24.9,0.57,0.06,0.06,99.9,99.9,99.9,99.9,99.9,x,u,99.9,99.9,999.9,,2118.3611352485004,581479.1964775379,hi4pi,upper_limit,0.018302,ok,2115.945032081676,2548.821209451847,5400.448098333632,1835.4072708380006
121,GR8,12,58,40.4,14,13,3,0.026000000000000002,26.69,0.12,213.9,14.5,0.2,61.0,0.2,22.6,0.32,0.04,0.04,99.9,99.9,99.9,99.9,11.0,x,u,7.0,0.2,0.0,,2177.709772353159,11000000.0,various,detected_mass,,,2176.50492289409,2695.496795431706,5191.084672730921,1873.5316221562384
122,UGC9128,14,15,56.5,23,3,19,0.023,26.8,0.04,152.0,14.4,0.3,46.0,0.4,22.6,0.64,0.07,0.07,99.9,99.9,99.9,99.9,18.0,x,u,15.0,99.9,56.0,,2290.867652767775,18000000.0,various,detected_mass,,,2288.3778390790844,2683.2911234541875,5932.479905983593,2012.6535735531277
123,UGC8508,13,30,44.4,54,54,36,0.015,27.06,0.03,56.0,13.7,0.1,120.0,0.45,21.5,0.42,0.04,0.04,99.9,99.9,99.9,99.9,29.0,x,u,99.9,99.9,31.2,,2582.260190634596,29000000.0,various,detected_mass,,ok,2583.7102581212207,2608.429560830406,7002.048934694487,2243.6459911712504
124,IC3104,12,18,46.0,-79,43,34,0.41,26.78,0.18,429.0,12.8,9.9,45.0,0.52,23.3,2.01,9.99,9.99,99.9,99.9,99.9,99.9,13.0,x,u,99.9,99.9,999.9,,2269.8648518838213,13000000.0,various,detected_mass,,ok,2265.7314782049853,2929.2180133944685,4354.72804451194,1901.708878004463
125,DDO125,12,27,40.9,43,29,44,0.02,27.06,0.05,194.9,12.7,0.3,112.0,0.41,22.1,1.04,0.1,0.1,99.9,99.9,99.9,99.9,35.0,x,u,7.3,1.5,11.2,,2582.260190634596,35000000.0,various,detected_mass,,ok,2584.0753284243206,2763.566825813909,7058.633795717303,2300.1185406650566
126,UGCA86,3,59,48.3,67,8,19,0.938,27.36,0.17,67.0,14.2,9.9,25.0,0.32,22.8,0.94,9.99,9.99,99.9,99.9,99.9,99.9,860.0,x,u,8.8,1.0,122.0,,2964.831389524339,860000000.0,various,detected_mass,,"ok, tiny rh?",2971.063368034624,2389.441442904198,5215.490706508925,1989.8076382564655
127,DDO99,11,50,53.0,38,52,49,0.026000000000000002,27.07,0.14,251.0,13.9,0.1,70.0,0.29,22.9,0.9,0.09,0.09,99.9,99.9,99.9,99.9,52.0,x,u,99.9,99.9,99.9,,2594.179362118812,52000000.0,various,detected_mass,,ok,2596.5824044731417,2822.7319236681633,7056.2108596702055,2321.0282801147096
128,IC4662,17,47,8.8,-64,38,30,0.07,26.94,0.17,302.0,11.1,0.3,111.0,0.27,18.7,0.48,0.05,0.05,99.9,99.9,99.9,99.9,180.0,x,u,99.9,99.9,99.9,,2443.4305526939715,180000000.0,various,detected_mass,,ok,2436.588514413974,3021.5488746665446,5330.697720995773,2106.481454917559
129,DDO190,14,24,43.4,44,31,33,0.012,27.23,0.03,150.0,12.8,0.1,82.0,0.1,21.4,0.64,0.06,0.06,99.9,99.9,99.9,99.9,43.0,x,u,10.0,2.4,24.7,,2792.5438412373364,43000000.0,various,detected_mass,,ok,2792.058953349635,2914.9872402709557,7635.393148729534,2494.486294415088
130,KKH86,13,54,33.5,4,14,35,0.027000000000000003,27.06,0.16,287.2,17.1,0.3,177.0,0.39,23.2,0.28,0.03,0.03,99.9,99.9,99.9,99.9,0.88,x,u,99.9,99.9,99.9,,2582.260190634596,880000.0,various,detected_mass,,,2578.7044056890813,3153.93828670909,5686.381092952233,2251.0752900795933
131,NGC4163,12,12,9.1,36,10,9,0.02,27.28,0.03,165.0,13.2,0.3,11.0,0.3,21.1,0.45,0.05,0.05,99.9,99.9,99.9,99.9,7.9,x,u,7.4,99.9,8.7,,2857.5905433749494,7900000.0,various,detected_mass,,ok,2859.2947982758546,3117.205037153774,7705.122921805051,2587.7514690630674
132,DDO113,12,14,57.9,36,13,8,0.02,27.35,0.06,284.0,16.4,0.3,999.9,0.0,24.0,0.7,0.07,0.07,99.9,99.9,99.9,99.9,48.0,x,u,99.9,99.9,99.9,(should be 2 based on what is written for time),2951.20922666639,48000000.0,various,detected_mass,,ok,2952.8449939973825,3208.1431971206785,7954.914629103374,2681.3013487961266
133,CetusIII,2,5,19.4,-4,16,12,,22.0,0.2,,19.55,0.6,101.0,0.76,,1.23,0.42,0.19,,,,,,,,,,,http://adsabs.harvard.edu/abs/2018PASJ...70S..18H,,,,,,,255.18260112970978,641.9147549671459,590.9411159338875,-115.46157421392193
134,DESJ0225+0304,2,25,42.4,3,4,10,,16.88,0.06,,15.78,0.5,31.0,0.61,,2.68,1.33,0.7,,,,,,,,,,,http://adsabs.harvard.edu/abs/2017MNRAS.468...97L,,,,,,,29.42420384033695,762.2746981718605,434.36103129805923,-255.64379425027707
135,PictorII,6,44,43.2,-59,53,49,0.107,18.3,0.12,,15.1,0.5,14.0,0.13,,3.6,1.5,0.9,,,,,,,,,,,http://adsabs.harvard.edu/abs/2016ApJ...833L...5D,,,,,,,46.75228830959604,805.6390894699427,486.6479514339413,-224.6436359020087
136,VirgoI,12,0,9.6,0,40,48,19.7,19.7,0.3,,18.9,0.9,51.0,0.44,,1.5,0.4,0.4,,,,,,,,,,,http://adsabs.harvard.edu/abs/2016ApJ...832...21H,,,,,,,87.0790160858362,844.7454144052756,539.8682703078649,-192.676168413961
137,HydrusI,2,29,33.3,-79,18,32,,17.2,0.04,80.4,12.49,0.08,97.0,0.21,,7.42,0.62,0.54,2.7,0.5,,,,,,,,,http://adsabs.harvard.edu/abs/2018MNRAS.479.5343K,,,,,,,25.729596755741934,793.5386426485704,466.38885966111053,-244.87546646880102
138,CarinaII,7,36,25.5,-57,59,57,,17.79,0.05,477.2,13.29,0.1,170.0,0.34,,8.69,0.75,0.75,3.4,1.2,,,,,,,,,http://adsabs.harvard.edu/abs/2018MNRAS.475.5085T,,,,,,"ok, peak in Yong's other plot?",37.341072195133414,802.7646793755071,478.91740456298544,-234.35954444719206
139,CarinaIII,7,38,31.1,-57,53,59,,17.22,0.1,284.6,14.82,0.2,150.0,0.55,,3.75,1.0,1.0,5.6,4.3,,,,,,,,,http://adsabs.harvard.edu/abs/2018MNRAS.475.5085T,,,,,,ok,29.235509004767028,797.3071608471087,470.8795766474103,-241.87320240428562
140,CraterII,11,49,14.4,-18,24,47,,20.35,0.02,87.5,12.15,0.1,,<0.1,,31.2,2.5,2.5,2.7,0.3,,,,,,,,,http://adsabs.harvard.edu/abs/2016MNRAS.459.2370T,,,,,,ok,116.45563044946127,885.8454871367769,574.978821297881,-184.96945463076608
141,AquariusII,22,33,55.5,-9,19,39,,20.16,0.07,-71.1,15.8,0.14,121.0,0.39,,5.1,0.8,0.8,5.4,3.4,,,,,,,,,http://adsabs.harvard.edu/abs/2016MNRAS.463..712T,,,,,,"ok, near edge",105.12145477800244,727.780104819958,456.46717370461926,-200.36472256529794
